transaction_id,amount,time_in_seconds,customer_age,customer_tenure_months,transaction_location,merchant_category,is_international,card_type,fraud
1,1873.33,74971,61,30,Bangalore,Electronics,0,Credit,0
2,4753.62,162,57,83,Bangalore,Clothing,1,Debit,1
3,3660.24,34742,60,49,Pune,Travel,0,Debit,1
4,2993.69,19675,39,89,Mumbai,Clothing,0,Debit,0
5,780.94,73997,37,16,Pune,Electronics,1,Credit,1
6,780.82,17015,25,111,Mumbai,Electronics,0,Credit,0
7,291.36,50057,46,118,Delhi,Electronics,0,Credit,0
8,4331.01,32591,57,104,Pune,Electronics,0,Credit,1
9,3005.97,9833,43,51,Mumbai,Groceries,1,Debit,0
10,3540.65,7896,47,72,Delhi,Clothing,0,Debit,1
11,103.9,32972,34,82,Pune,Luxury,0,Credit,1
12,4849.58,49733,37,92,Bangalore,Travel,0,Credit,0
13,4162.38,41800,69,80,Pune,Electronics,0,Credit,0
14,1062.48,5347,72,116,Hyderabad,Clothing,0,Debit,0
15,909.94,59063,33,83,Pune,Electronics,0,Credit,0
16,917.84,2643,63,42,Hyderabad,Electronics,0,Debit,0
17,1521.91,40785,60,17,Delhi,Electronics,0,Credit,0
18,2624.26,18681,24,63,Pune,Electronics,0,Debit,0
19,2160.29,50026,33,45,Delhi,Electronics,0,Debit,0
20,1456.85,15892,62,77,Delhi,Travel,0,Credit,0
21,3059.65,47299,64,7,Mumbai,Clothing,1,Debit,1
22,698.33,17073,73,27,Delhi,Electronics,0,Debit,0
23,1461.43,30682,65,10,Delhi,Electronics,0,Credit,0
24,1832.44,14289,44,34,Pune,Electronics,0,Debit,0
25,2280.89,7927,70,36,Pune,Electronics,0,Credit,0
26,3926.09,48330,40,25,Bangalore,Groceries,0,Debit,0
27,999.17,66707,41,6,Mumbai,Groceries,0,Debit,0
28,2571.66,77454,26,24,Delhi,Luxury,0,Debit,0
29,2962.48,65428,52,18,Mumbai,Electronics,1,Debit,1
30,233.21,50601,68,87,Hyderabad,Luxury,0,Credit,0
31,3038.12,77465,37,6,Delhi,Travel,0,Credit,0
32,853.45,2539,54,29,Mumbai,Luxury,0,Credit,0
33,326.19,22669,59,25,Bangalore,Clothing,1,Debit,1
34,4744.48,70968,34,55,Bangalore,Groceries,0,Debit,1
35,4828.19,20644,64,81,Delhi,Groceries,0,Credit,1
36,4042.18,18745,48,46,Hyderabad,Electronics,0,Credit,0
37,1523.76,28228,72,24,Bangalore,Electronics,0,Credit,0
38,489.26,34521,74,75,Bangalore,Travel,0,Credit,0
39,3421.48,26928,25,26,Hyderabad,Travel,0,Debit,0
40,2201.32,18322,32,115,Mumbai,Clothing,0,Credit,0
41,611.07,57714,48,98,Bangalore,Electronics,0,Debit,0
42,2476.39,62292,70,28,Pune,Electronics,0,Credit,0
43,172.91,29055,47,3,Bangalore,Travel,0,Debit,0
44,4546.69,42891,63,75,Mumbai,Travel,0,Credit,0
45,1294.64,81912,37,38,Mumbai,Travel,0,Credit,0
46,3312.95,6588,56,61,Delhi,Groceries,0,Debit,0
47,1559.24,6304,70,78,Pune,Luxury,0,Debit,0
48,2600.82,7345,72,51,Mumbai,Luxury,0,Credit,0
49,2734.0,29300,29,90,Hyderabad,Electronics,0,Debit,0
50,925.09,24259,66,48,Pune,Groceries,0,Credit,0
51,4847.95,15352,34,21,Pune,Travel,1,Debit,0
52,3875.89,33365,59,54,Hyderabad,Electronics,0,Credit,0
53,4697.56,19446,47,56,Bangalore,Groceries,0,Credit,0
54,4474.24,2336,46,103,Hyderabad,Clothing,0,Credit,0
55,2989.9,62032,36,94,Hyderabad,Groceries,0,Credit,0
56,4609.45,75415,63,59,Bangalore,Electronics,0,Credit,1
57,443.37,7521,28,72,Bangalore,Luxury,0,Credit,0
58,980.72,71707,51,51,Bangalore,Travel,1,Credit,0
59,227.09,23481,67,20,Bangalore,Clothing,0,Credit,0
60,1627.33,18474,24,112,Bangalore,Groceries,1,Debit,1
61,1944.0,46760,61,96,Hyderabad,Electronics,0,Debit,0
62,1357.47,55718,51,86,Delhi,Electronics,0,Debit,0
63,4143.86,44629,37,59,Delhi,Travel,0,Credit,0
64,1784.41,45232,67,71,Mumbai,Electronics,0,Credit,0
65,1405.39,67169,55,9,Delhi,Electronics,0,Credit,0
66,2713.94,50669,41,109,Delhi,Travel,0,Debit,0
67,705.48,78021,27,1,Hyderabad,Clothing,0,Debit,0
68,4011.18,69184,49,29,Bangalore,Luxury,1,Debit,1
69,373.68,47945,69,63,Bangalore,Luxury,0,Debit,1
70,4934.45,13140,32,72,Hyderabad,Groceries,0,Debit,0
71,3861.45,83457,54,56,Delhi,Clothing,1,Credit,0
72,994.38,14357,37,118,Hyderabad,Groceries,0,Debit,0
73,28.61,68673,20,68,Mumbai,Luxury,0,Credit,1
74,4077.49,65633,54,35,Bangalore,Travel,0,Credit,1
75,3534.58,76943,74,3,Pune,Electronics,0,Credit,1
76,3645.31,78258,57,118,Mumbai,Luxury,0,Debit,1
77,3856.58,12924,25,109,Mumbai,Clothing,0,Debit,0
78,371.15,69286,57,104,Hyderabad,Luxury,0,Credit,1
79,1792.97,74071,61,7,Delhi,Clothing,0,Debit,0
80,580.23,57326,73,27,Bangalore,Clothing,0,Debit,0
81,4315.65,30651,40,1,Pune,Clothing,0,Credit,0
82,3116.87,70202,57,91,Mumbai,Groceries,0,Credit,1
83,1655.16,48777,28,80,Pune,Travel,0,Credit,0
84,318.73,16994,63,102,Delhi,Luxury,0,Credit,1
85,1555.6,67263,25,71,Delhi,Travel,0,Credit,0
86,1626.59,59634,46,44,Pune,Electronics,0,Debit,0
87,3648.3,10800,47,87,Bangalore,Luxury,0,Credit,0
88,3188.15,37823,73,41,Delhi,Travel,1,Debit,0
89,4436.18,63878,27,75,Pune,Travel,0,Debit,0
90,2361.6,18708,56,42,Mumbai,Electronics,0,Credit,0
91,598.85,12819,45,117,Pune,Clothing,0,Credit,0
92,3566.51,74905,66,33,Pune,Luxury,0,Debit,0
93,3804.16,63870,53,50,Hyderabad,Luxury,0,Credit,0
94,2806.82,9283,30,63,Delhi,Electronics,0,Debit,0
95,3855.06,30573,49,100,Bangalore,Clothing,0,Credit,0
96,2469.48,78707,53,37,Bangalore,Luxury,1,Credit,0
97,2614.14,30933,54,105,Hyderabad,Luxury,0,Debit,0
98,2138.28,5774,43,59,Bangalore,Luxury,0,Debit,0
99,128.07,72055,39,81,Pune,Clothing,0,Credit,0
100,540.35,10983,21,99,Hyderabad,Electronics,0,Credit,0
101,158.11,18133,48,48,Mumbai,Luxury,1,Credit,0
102,3182.42,14939,35,5,Delhi,Travel,1,Debit,1
103,1572.47,781,55,48,Delhi,Clothing,0,Credit,0
104,2543.34,56700,41,96,Delhi,Groceries,1,Credit,1
105,4537.92,27624,73,3,Pune,Electronics,0,Credit,0
106,1247.21,6823,40,116,Mumbai,Travel,1,Credit,0
107,2052.5,18489,39,47,Hyderabad,Luxury,0,Debit,0
108,3778.0,39961,19,62,Hyderabad,Groceries,0,Debit,0
109,1144.76,29118,48,99,Delhi,Electronics,0,Debit,0
110,385.82,81816,72,116,Mumbai,Clothing,0,Credit,0
111,1449.47,22263,28,14,Mumbai,Groceries,0,Credit,0
112,806.95,13565,45,63,Mumbai,Groceries,0,Credit,0
113,4648.56,20354,63,112,Bangalore,Travel,0,Debit,1
114,4040.79,42951,49,61,Bangalore,Electronics,0,Debit,1
115,3167.39,23648,22,31,Delhi,Travel,0,Debit,0
116,4357.43,50729,55,95,Mumbai,Travel,1,Debit,1
117,4018.56,41971,27,17,Mumbai,Luxury,0,Credit,0
118,933.66,18658,57,24,Hyderabad,Clothing,1,Debit,1
119,4462.9,21253,63,116,Hyderabad,Groceries,0,Debit,1
120,2697.17,64166,41,23,Delhi,Electronics,0,Credit,0
121,4037.39,48563,52,82,Mumbai,Clothing,0,Debit,0
122,4480.56,26390,61,50,Delhi,Clothing,0,Credit,0
123,1590.7,51578,65,118,Hyderabad,Electronics,0,Credit,0
124,551.15,79025,40,78,Hyderabad,Clothing,0,Credit,0
125,1140.45,32658,34,114,Bangalore,Luxury,0,Credit,1
126,2136.11,6852,18,79,Delhi,Clothing,0,Credit,0
127,4090.26,2551,72,79,Delhi,Luxury,0,Debit,0
128,4303.79,71947,48,70,Mumbai,Groceries,0,Debit,0
129,35.75,61001,48,27,Mumbai,Groceries,0,Credit,0
130,2554.23,49159,59,15,Bangalore,Travel,0,Debit,0
131,2087.64,51707,74,50,Pune,Luxury,0,Credit,0
132,1111.32,33243,72,36,Pune,Groceries,0,Debit,0
133,600.21,21800,59,119,Pune,Clothing,0,Debit,0
134,1688.74,75939,70,8,Delhi,Electronics,0,Debit,0
135,4714.61,57828,73,79,Delhi,Electronics,0,Debit,0
136,1616.69,7239,51,3,Hyderabad,Luxury,0,Debit,1
137,2594.43,6710,26,62,Delhi,Travel,0,Debit,0
138,3515.39,21384,39,47,Delhi,Clothing,0,Debit,0
139,1818.78,21038,30,77,Delhi,Luxury,0,Credit,0
140,4858.94,40846,42,105,Bangalore,Electronics,0,Credit,0
141,4812.27,67821,65,98,Delhi,Luxury,0,Credit,0
142,1259.66,37991,35,88,Mumbai,Clothing,0,Debit,0
143,2486.75,79057,68,104,Mumbai,Groceries,0,Debit,0
144,1505.09,6971,29,96,Hyderabad,Clothing,0,Credit,0
145,1424.92,29139,57,61,Bangalore,Groceries,0,Credit,0
146,185.4,85445,34,32,Mumbai,Groceries,1,Debit,0
147,3048.21,77067,32,94,Bangalore,Groceries,0,Credit,0
148,2513.89,80257,59,116,Bangalore,Luxury,0,Credit,1
149,258.34,84742,32,113,Hyderabad,Electronics,0,Credit,0
150,1393.95,37711,32,13,Bangalore,Luxury,0,Credit,0
151,4541.42,6530,72,1,Delhi,Electronics,0,Debit,1
152,1198.57,11116,56,34,Bangalore,Clothing,0,Credit,0
153,725.33,65794,30,62,Hyderabad,Travel,0,Credit,0
154,2447.77,282,34,79,Hyderabad,Clothing,0,Credit,0
155,4928.27,79473,49,108,Hyderabad,Luxury,0,Credit,1
156,1211.03,1898,26,78,Mumbai,Luxury,1,Debit,0
157,3361.01,4135,57,93,Delhi,Electronics,0,Credit,1
158,3808.34,6629,37,98,Mumbai,Luxury,1,Credit,1
159,1188.95,85120,43,82,Pune,Groceries,1,Credit,0
160,3641.35,65031,44,118,Delhi,Luxury,0,Credit,0
161,1839.55,33380,38,71,Bangalore,Electronics,0,Credit,0
162,3161.9,17071,35,93,Hyderabad,Electronics,0,Debit,0
163,3168.02,20074,30,119,Pune,Groceries,0,Credit,0
164,2679.34,67843,33,31,Delhi,Electronics,0,Credit,0
165,452.36,39901,26,64,Mumbai,Travel,0,Debit,0
166,4176.68,11205,29,25,Hyderabad,Clothing,0,Credit,1
167,1604.58,55661,61,38,Mumbai,Luxury,0,Debit,0
168,933.41,5906,55,14,Delhi,Travel,0,Credit,0
169,204.83,2591,36,8,Delhi,Luxury,0,Debit,1
170,2954.87,62987,24,91,Pune,Travel,0,Debit,0
171,3388.14,63370,74,54,Bangalore,Luxury,0,Credit,1
172,83.92,80685,52,2,Mumbai,Groceries,0,Debit,0
173,2560.95,54400,65,81,Pune,Electronics,0,Credit,0
174,1133.25,25150,35,101,Hyderabad,Electronics,0,Debit,0
175,3226.22,31852,33,78,Bangalore,Groceries,0,Debit,0
176,872.66,42870,72,89,Pune,Travel,0,Credit,0
177,3455.0,52756,56,56,Mumbai,Clothing,0,Debit,0
178,1934.29,56481,21,94,Delhi,Travel,0,Credit,0
179,4683.71,1283,42,93,Hyderabad,Electronics,0,Debit,0
180,688.47,33691,49,84,Mumbai,Clothing,1,Debit,0
181,1705.99,1125,57,85,Bangalore,Luxury,0,Credit,1
182,568.25,67065,30,61,Bangalore,Clothing,0,Credit,0
183,4623.54,26170,62,117,Delhi,Travel,0,Debit,0
184,4386.82,8438,34,22,Delhi,Groceries,0,Credit,0
185,1290.45,20095,66,35,Hyderabad,Luxury,0,Credit,0
186,3300.26,16154,54,101,Hyderabad,Travel,0,Debit,0
187,4086.29,8004,23,16,Delhi,Luxury,1,Debit,1
188,2776.45,9752,36,50,Delhi,Clothing,0,Credit,0
189,2648.72,55426,30,113,Bangalore,Electronics,0,Debit,0
190,1210.02,26819,74,43,Delhi,Travel,0,Credit,0
191,466.42,24217,43,17,Pune,Groceries,0,Credit,0
192,4486.18,32994,31,80,Mumbai,Clothing,0,Credit,0
193,4502.19,15036,48,58,Delhi,Travel,0,Credit,1
194,3165.87,77275,71,119,Hyderabad,Groceries,0,Credit,0
195,1695.81,49416,21,2,Pune,Travel,0,Credit,0
196,1746.7,9587,56,4,Hyderabad,Clothing,0,Debit,0
197,3630.05,645,25,85,Pune,Travel,0,Credit,0
198,4485.65,30930,42,39,Delhi,Luxury,0,Debit,0
199,4435.55,81835,30,98,Mumbai,Clothing,0,Credit,0
200,3899.6,30090,49,94,Hyderabad,Travel,0,Debit,0
201,3210.52,52142,55,6,Pune,Electronics,1,Debit,1
202,421.62,26475,55,81,Bangalore,Travel,0,Debit,0
203,808.98,18888,73,103,Delhi,Luxury,0,Credit,0
204,4492.87,43732,45,89,Mumbai,Groceries,0,Debit,0
205,3032.54,81623,70,69,Delhi,Groceries,0,Debit,0
206,46.98,46305,47,69,Bangalore,Groceries,0,Credit,0
207,508.26,46037,20,20,Mumbai,Electronics,1,Debit,1
208,3317.85,9346,45,64,Bangalore,Luxury,0,Debit,0
209,26.3,587,20,16,Delhi,Clothing,0,Credit,0
210,804.88,12763,62,51,Pune,Groceries,0,Debit,0
211,2744.12,59165,71,105,Delhi,Luxury,0,Debit,0
212,3459.78,69615,51,37,Delhi,Travel,0,Credit,0
213,3260.15,36116,33,104,Delhi,Electronics,0,Debit,0
214,1122.12,85751,39,73,Hyderabad,Luxury,1,Debit,1
215,3561.18,25556,49,69,Bangalore,Luxury,1,Debit,0
216,1187.01,59042,55,42,Bangalore,Clothing,0,Debit,0
217,1627.67,18099,25,57,Bangalore,Luxury,0,Credit,0
218,3732.71,45096,72,66,Hyderabad,Clothing,0,Credit,0
219,3248.51,71986,25,9,Pune,Electronics,1,Credit,1
220,4246.27,13230,74,107,Delhi,Electronics,1,Credit,1
221,3288.41,29009,23,100,Pune,Travel,0,Debit,0
222,2841.97,70969,31,86,Hyderabad,Clothing,0,Credit,0
223,469.28,33866,49,64,Bangalore,Clothing,0,Credit,0
224,1839.21,84246,52,86,Delhi,Groceries,0,Debit,0
225,1326.75,76975,27,22,Mumbai,Groceries,0,Debit,0
226,1220.7,41855,20,34,Mumbai,Travel,0,Debit,0
227,4865.08,81557,29,55,Pune,Electronics,0,Credit,1
228,1966.1,6416,66,29,Bangalore,Groceries,0,Debit,0
229,4460.34,72516,48,38,Mumbai,Luxury,1,Debit,1
230,3156.06,55915,46,110,Pune,Electronics,0,Debit,0
231,3974.26,18058,22,97,Hyderabad,Luxury,0,Credit,0
232,2513.68,76637,69,18,Pune,Clothing,0,Credit,0
233,2884.94,40718,42,71,Pune,Electronics,0,Credit,0
234,2463.1,32602,58,65,Pune,Travel,0,Credit,0
235,977.02,74658,48,97,Delhi,Clothing,0,Credit,0
236,3612.54,78112,38,1,Pune,Clothing,0,Credit,0
237,1404.58,58067,37,88,Pune,Luxury,0,Credit,0
238,122.56,27516,56,4,Delhi,Clothing,0,Debit,0
239,3227.72,1089,39,4,Delhi,Groceries,0,Debit,0
240,886.38,37346,21,82,Hyderabad,Electronics,0,Debit,0
241,4702.35,74663,30,27,Bangalore,Groceries,0,Credit,0
242,4769.69,10487,62,43,Mumbai,Luxury,0,Credit,0
243,4574.41,155,59,59,Mumbai,Luxury,0,Debit,0
244,1851.42,67494,67,32,Pune,Electronics,0,Debit,0
245,78.27,76229,66,33,Hyderabad,Clothing,0,Credit,0
246,4641.66,38547,37,28,Pune,Travel,1,Credit,1
247,2141.49,28795,69,106,Mumbai,Luxury,0,Credit,0
248,4833.31,55296,30,105,Delhi,Electronics,0,Credit,0
249,4818.14,21447,34,55,Bangalore,Travel,0,Credit,0
250,4265.19,36598,71,100,Hyderabad,Clothing,0,Credit,0
251,1472.95,41814,53,60,Delhi,Luxury,0,Credit,0
252,1926.1,75330,50,70,Bangalore,Electronics,0,Credit,0
253,4255.83,63278,18,62,Hyderabad,Electronics,0,Debit,0
254,1585.29,55077,32,80,Hyderabad,Electronics,1,Credit,0
255,848.29,71906,30,34,Mumbai,Luxury,0,Credit,0
256,2784.45,9528,34,87,Delhi,Travel,0,Credit,0
257,4680.84,50100,41,114,Hyderabad,Electronics,1,Debit,1
258,3480.45,8179,25,106,Hyderabad,Clothing,0,Debit,0
259,2850.74,48781,67,88,Bangalore,Electronics,0,Credit,0
260,486.79,55267,44,56,Mumbai,Travel,0,Debit,0
261,3075.42,82379,62,113,Pune,Luxury,0,Debit,1
262,4950.28,23952,40,13,Mumbai,Electronics,0,Debit,0
263,701.28,53798,63,56,Pune,Electronics,0,Credit,0
264,2592.13,50939,25,18,Delhi,Clothing,0,Credit,0
265,4386.99,29516,25,54,Delhi,Clothing,0,Credit,0
266,3704.1,56526,43,77,Hyderabad,Electronics,0,Credit,0
267,3485.38,10449,64,113,Delhi,Electronics,0,Credit,0
268,3512.72,50290,30,101,Hyderabad,Clothing,0,Credit,0
269,1798.1,72954,56,43,Mumbai,Travel,1,Credit,0
270,1468.67,22746,54,39,Delhi,Groceries,0,Debit,0
271,4047.0,67990,66,61,Mumbai,Groceries,0,Credit,0
272,4050.76,58810,45,42,Mumbai,Electronics,0,Credit,1
273,4335.49,83297,42,81,Delhi,Clothing,0,Credit,1
274,4566.29,15223,33,79,Mumbai,Luxury,0,Credit,0
275,2557.2,72237,72,18,Delhi,Luxury,0,Credit,0
276,2508.08,2597,19,23,Delhi,Groceries,1,Credit,1
277,3991.68,65677,71,54,Delhi,Travel,1,Credit,1
278,3250.17,2659,35,115,Pune,Groceries,1,Credit,1
279,3510.13,74567,34,30,Mumbai,Electronics,1,Debit,0
280,3979.17,15037,47,98,Bangalore,Travel,0,Debit,0
281,4450.14,46738,56,58,Delhi,Luxury,0,Credit,0
282,1690.64,71678,30,68,Mumbai,Clothing,1,Credit,1
283,1878.54,12109,49,67,Hyderabad,Clothing,0,Debit,0
284,470.82,22010,67,71,Delhi,Electronics,1,Credit,1
285,2891.82,8787,46,18,Delhi,Groceries,0,Credit,0
286,180.68,8472,63,106,Bangalore,Electronics,0,Debit,0
287,2328.52,23383,47,7,Pune,Clothing,0,Credit,0
288,2713.68,61709,35,40,Pune,Luxury,1,Credit,0
289,1433.42,69785,30,70,Delhi,Clothing,0,Credit,0
290,2954.58,34518,60,86,Mumbai,Travel,0,Debit,0
291,153.47,53909,38,65,Hyderabad,Clothing,0,Debit,0
292,187.7,18351,47,68,Hyderabad,Clothing,0,Credit,0
293,4113.18,69624,38,110,Mumbai,Travel,0,Debit,0
294,1801.59,53330,65,49,Delhi,Groceries,0,Debit,0
295,636.18,15282,72,52,Hyderabad,Clothing,0,Debit,0
296,2611.69,84866,34,114,Pune,Electronics,0,Credit,0
297,3850.2,21778,57,107,Mumbai,Clothing,0,Debit,0
298,1079.89,24264,36,29,Bangalore,Electronics,0,Debit,0
299,3114.83,59675,69,21,Delhi,Travel,0,Debit,0
300,427.65,5075,32,90,Mumbai,Clothing,0,Credit,0
301,259.36,75948,26,78,Hyderabad,Travel,1,Debit,0
302,2657.24,48454,69,9,Delhi,Travel,0,Debit,0
303,2703.63,28365,27,47,Pune,Groceries,0,Credit,0
304,3187.51,72766,61,76,Delhi,Clothing,0,Debit,0
305,3630.73,48200,48,42,Delhi,Electronics,0,Debit,0
306,4879.28,11002,70,51,Pune,Electronics,0,Debit,0
307,2581.99,13947,40,56,Pune,Clothing,0,Credit,0
308,1615.46,79222,69,51,Delhi,Groceries,0,Credit,0
309,3976.14,78610,47,70,Pune,Groceries,0,Debit,0
310,1354.89,52142,50,20,Mumbai,Groceries,0,Debit,0
311,2195.42,56307,74,88,Pune,Electronics,0,Debit,0
312,393.2,4493,69,27,Pune,Travel,0,Debit,0
313,127.73,50085,26,38,Delhi,Groceries,0,Debit,0
314,4813.28,34228,71,72,Mumbai,Electronics,0,Debit,0
315,4180.06,79676,64,65,Bangalore,Electronics,1,Credit,0
316,3480.18,51875,18,54,Bangalore,Travel,0,Debit,0
317,2045.36,31655,61,113,Hyderabad,Clothing,0,Debit,0
318,867.3,43472,52,113,Pune,Clothing,0,Debit,0
319,783.03,49437,28,24,Pune,Groceries,1,Credit,0
320,1251.96,49416,51,47,Mumbai,Groceries,0,Debit,0
321,2746.58,59711,33,71,Bangalore,Travel,0,Credit,0
322,3573.27,6816,26,83,Hyderabad,Groceries,0,Debit,0
323,3301.33,77175,49,86,Mumbai,Travel,1,Debit,0
324,1400.39,64307,32,63,Pune,Electronics,0,Debit,0
325,4774.37,46733,29,57,Bangalore,Groceries,1,Debit,1
326,3689.75,11240,50,55,Hyderabad,Electronics,0,Debit,0
327,2772.22,71363,62,60,Delhi,Luxury,0,Debit,0
328,3058.99,32762,31,99,Bangalore,Travel,0,Credit,0
329,2098.58,8259,74,62,Hyderabad,Luxury,0,Debit,0
330,1239.41,50139,74,30,Mumbai,Groceries,1,Debit,1
331,1780.51,14849,25,93,Delhi,Electronics,0,Debit,0
332,3789.47,81768,25,22,Hyderabad,Groceries,0,Credit,1
333,72.95,54869,44,75,Hyderabad,Luxury,0,Debit,0
334,581.25,63095,29,84,Pune,Groceries,0,Credit,0
335,230.97,70910,18,29,Bangalore,Clothing,0,Debit,0
336,204.6,23567,60,115,Pune,Luxury,0,Debit,0
337,4277.45,35292,57,41,Delhi,Groceries,0,Credit,0
338,3518.59,74813,59,42,Hyderabad,Electronics,0,Credit,0
339,2371.39,51631,68,98,Pune,Groceries,0,Debit,0
340,490.07,9885,28,65,Bangalore,Electronics,0,Credit,0
341,2458.59,59659,56,31,Delhi,Clothing,0,Credit,0
342,2367.89,54306,60,30,Mumbai,Groceries,0,Debit,0
343,866.84,66314,48,112,Pune,Clothing,0,Debit,0
344,2169.82,65087,34,18,Delhi,Luxury,0,Debit,0
345,1993.13,29165,50,119,Mumbai,Electronics,0,Credit,0
346,3079.63,58929,49,17,Pune,Luxury,0,Debit,1
347,3175.83,67028,46,38,Delhi,Electronics,1,Debit,1
348,227.47,49812,38,14,Delhi,Clothing,0,Credit,0
349,1873.69,50500,38,87,Pune,Travel,1,Credit,0
350,3129.67,79151,57,89,Delhi,Groceries,0,Debit,0
351,2516.18,58643,40,79,Hyderabad,Clothing,1,Credit,1
352,4282.59,44900,73,110,Pune,Electronics,0,Credit,0
353,3293.81,42946,23,56,Delhi,Electronics,0,Credit,0
354,815.51,7851,39,22,Mumbai,Electronics,0,Debit,0
355,353.77,16288,67,67,Mumbai,Electronics,0,Debit,0
356,3212.45,72692,55,56,Hyderabad,Groceries,1,Debit,0
357,133.53,67580,54,119,Pune,Luxury,0,Credit,0
358,2929.29,7368,62,19,Delhi,Travel,0,Debit,0
359,4701.21,85436,68,57,Delhi,Groceries,1,Debit,0
360,2877.8,46403,71,44,Mumbai,Electronics,0,Credit,0
361,1941.46,9168,25,98,Hyderabad,Groceries,0,Credit,0
362,3216.8,49879,58,35,Mumbai,Clothing,0,Debit,0
363,2291.81,59871,66,114,Mumbai,Electronics,1,Credit,0
364,2728.54,32174,52,1,Hyderabad,Travel,0,Debit,0
365,4707.38,6581,68,52,Pune,Electronics,0,Debit,1
366,1931.13,71853,28,85,Delhi,Travel,0,Debit,0
367,4805.99,64046,41,93,Pune,Travel,0,Credit,0
368,4526.85,49678,66,70,Bangalore,Luxury,0,Credit,0
369,979.76,26649,38,37,Bangalore,Luxury,1,Debit,1
370,347.74,82325,68,65,Bangalore,Groceries,1,Debit,0
371,504.79,14567,19,51,Hyderabad,Groceries,0,Debit,0
372,92.09,80404,57,1,Mumbai,Travel,0,Debit,0
373,473.12,61944,36,91,Pune,Electronics,0,Credit,0
374,3415.35,78002,56,21,Delhi,Clothing,0,Debit,0
375,356.87,28803,45,53,Bangalore,Clothing,0,Debit,0
376,1595.56,18230,34,16,Pune,Electronics,1,Credit,0
377,4224.53,17862,23,108,Bangalore,Electronics,0,Debit,0
378,117.34,43355,36,61,Bangalore,Luxury,0,Debit,0
379,4072.53,31259,73,54,Delhi,Clothing,0,Debit,0
380,1409.99,30795,55,40,Hyderabad,Travel,0,Debit,0
381,591.71,8770,45,26,Mumbai,Groceries,0,Debit,0
382,3483.99,11093,19,80,Hyderabad,Luxury,0,Credit,0
383,3145.09,46571,55,92,Pune,Clothing,1,Credit,1
384,4387.48,193,72,65,Hyderabad,Electronics,1,Credit,0
385,3675.62,17569,54,100,Pune,Clothing,0,Credit,0
386,4017.6,11190,68,74,Pune,Travel,1,Debit,0
387,1410.89,62824,69,64,Mumbai,Luxury,0,Credit,0
388,888.02,42752,21,43,Delhi,Electronics,0,Credit,0
389,3753.32,32327,39,17,Mumbai,Travel,0,Credit,0
390,4034.37,42070,43,59,Hyderabad,Groceries,0,Credit,1
391,4952.54,85925,66,23,Pune,Luxury,1,Credit,1
392,2063.68,40197,60,7,Bangalore,Travel,0,Credit,0
393,1860.72,2261,53,44,Bangalore,Travel,0,Credit,0
394,3882.29,26512,30,53,Pune,Electronics,0,Credit,1
395,1704.68,6716,69,71,Mumbai,Groceries,0,Debit,0
396,4653.86,28933,49,108,Delhi,Travel,0,Credit,1
397,4292.21,4378,34,79,Mumbai,Luxury,0,Debit,0
398,2145.54,40583,58,34,Pune,Travel,0,Credit,0
399,3754.6,85371,53,46,Pune,Clothing,0,Credit,0
400,3772.96,29033,72,109,Delhi,Luxury,0,Credit,0
401,516.52,24000,63,68,Hyderabad,Luxury,0,Debit,1
402,4512.86,75868,36,78,Hyderabad,Travel,0,Debit,1
403,2526.76,42604,52,78,Delhi,Electronics,0,Credit,0
404,4132.46,68336,63,16,Hyderabad,Luxury,1,Debit,1
405,1600.93,73869,57,71,Bangalore,Clothing,0,Credit,0
406,4477.72,5410,73,96,Hyderabad,Electronics,0,Debit,0
407,1946.62,83375,45,19,Hyderabad,Electronics,0,Debit,0
408,55.18,56044,18,2,Hyderabad,Electronics,0,Debit,0
409,4527.0,63315,59,10,Bangalore,Luxury,0,Credit,1
410,457.34,71344,35,50,Hyderabad,Electronics,0,Debit,0
411,1597.25,6796,65,81,Bangalore,Travel,0,Debit,0
412,4750.36,54245,57,101,Delhi,Electronics,0,Credit,0
413,4753.09,43056,50,12,Mumbai,Clothing,0,Debit,0
414,2867.62,17709,29,70,Delhi,Groceries,0,Credit,0
415,3159.55,58557,25,22,Mumbai,Clothing,0,Credit,0
416,2242.78,17543,41,32,Delhi,Luxury,0,Debit,0
417,1466.76,37418,33,105,Mumbai,Electronics,0,Credit,0
418,1643.99,16724,67,84,Mumbai,Electronics,0,Debit,0
419,3362.92,3828,21,1,Pune,Travel,0,Debit,1
420,3762.12,17087,55,54,Mumbai,Electronics,0,Credit,0
421,3958.1,12605,61,111,Mumbai,Clothing,0,Debit,0
422,3948.3,31337,44,117,Pune,Luxury,0,Debit,0
423,456.94,5482,26,58,Hyderabad,Groceries,0,Credit,0
424,2472.61,65333,64,70,Hyderabad,Electronics,0,Credit,0
425,288.74,50952,33,83,Pune,Groceries,0,Debit,0
426,2748.09,5463,73,18,Bangalore,Electronics,0,Credit,0
427,2208.21,70448,29,6,Mumbai,Luxury,0,Credit,0
428,4438.63,4648,48,45,Mumbai,Clothing,0,Credit,0
429,1755.22,33623,41,97,Pune,Luxury,0,Credit,1
430,586.22,59156,72,23,Pune,Groceries,0,Debit,0
431,715.82,35634,31,23,Bangalore,Electronics,0,Debit,0
432,3807.79,44602,62,26,Hyderabad,Groceries,0,Credit,0
433,3091.47,49334,42,77,Delhi,Clothing,0,Debit,0
434,506.51,68648,51,7,Hyderabad,Luxury,0,Credit,0
435,421.45,22054,20,79,Mumbai,Groceries,0,Credit,0
436,3505.14,70028,41,44,Pune,Groceries,0,Debit,0
437,364.74,22207,71,27,Bangalore,Clothing,0,Debit,0
438,4109.48,80650,59,26,Hyderabad,Electronics,0,Debit,0
439,3531.5,81554,26,97,Bangalore,Groceries,0,Debit,0
440,407.66,21386,43,79,Hyderabad,Clothing,1,Credit,1
441,425.1,83276,37,36,Mumbai,Electronics,0,Credit,0
442,4933.21,59518,57,109,Delhi,Electronics,0,Debit,0
443,1871.98,52781,27,55,Bangalore,Luxury,0,Credit,0
444,1853.84,52780,36,64,Bangalore,Clothing,0,Debit,0
445,4064.19,61440,20,91,Delhi,Electronics,0,Debit,0
446,4736.3,44199,41,57,Bangalore,Luxury,0,Debit,0
447,4930.02,61035,22,69,Bangalore,Travel,0,Credit,0
448,3767.14,8210,20,61,Hyderabad,Clothing,0,Credit,0
449,1881.92,44363,44,2,Hyderabad,Travel,0,Debit,0
450,418.42,78279,33,55,Delhi,Electronics,0,Debit,0
451,3885.96,60348,66,97,Mumbai,Clothing,0,Debit,1
452,2792.46,55284,32,80,Bangalore,Luxury,0,Debit,0
453,2121.69,72124,52,87,Mumbai,Electronics,1,Credit,0
454,4531.87,68847,29,38,Delhi,Clothing,1,Credit,1
455,556.88,22432,58,119,Delhi,Clothing,1,Debit,0
456,2463.63,64089,70,80,Hyderabad,Travel,0,Debit,0
457,57.76,55398,61,78,Bangalore,Electronics,1,Credit,0
458,2343.83,3321,43,29,Pune,Luxury,0,Debit,0
459,282.46,81348,64,26,Delhi,Luxury,0,Credit,1
460,594.97,37383,51,35,Bangalore,Electronics,0,Credit,0
461,588.51,78682,40,79,Mumbai,Electronics,0,Debit,0
462,3246.4,79190,48,67,Hyderabad,Groceries,0,Credit,0
463,3730.48,52893,67,87,Mumbai,Travel,0,Credit,1
464,2917.26,35820,37,29,Delhi,Electronics,0,Credit,0
465,4810.9,66262,29,34,Delhi,Electronics,0,Credit,0
466,1874.98,3760,40,97,Mumbai,Groceries,0,Debit,0
467,1429.27,22190,21,41,Delhi,Groceries,0,Credit,0
468,4343.13,67411,40,41,Bangalore,Clothing,0,Credit,0
469,1118.76,23377,65,23,Delhi,Luxury,0,Credit,0
470,4816.15,46737,72,71,Hyderabad,Travel,0,Debit,0
471,61.76,69569,65,3,Bangalore,Clothing,0,Debit,0
472,4849.42,38211,18,58,Pune,Electronics,0,Debit,0
473,216.76,82909,71,32,Delhi,Groceries,0,Credit,0
474,4455.82,3744,42,31,Delhi,Luxury,0,Debit,0
475,2638.98,24995,19,82,Hyderabad,Clothing,0,Debit,0
476,4964.83,16977,47,43,Hyderabad,Luxury,0,Debit,0
477,369.91,34542,20,7,Mumbai,Groceries,0,Credit,0
478,2769.72,10651,38,105,Mumbai,Clothing,0,Debit,0
479,4846.54,78931,42,1,Mumbai,Clothing,0,Debit,0
480,2615.97,16715,37,61,Hyderabad,Luxury,1,Debit,1
481,3147.36,44409,66,14,Mumbai,Groceries,0,Credit,0
482,3479.05,24306,69,52,Mumbai,Electronics,0,Credit,0
483,2273.25,19086,39,96,Pune,Clothing,0,Debit,0
484,3138.16,14376,38,6,Mumbai,Electronics,1,Debit,1
485,2921.99,61350,50,103,Delhi,Groceries,0,Debit,0
486,4505.89,71425,69,10,Hyderabad,Clothing,0,Credit,0
487,228.19,36636,55,71,Bangalore,Clothing,0,Credit,0
488,1405.53,86120,32,90,Pune,Electronics,0,Debit,0
489,4752.11,51649,63,98,Hyderabad,Travel,0,Credit,0
490,4451.43,34610,69,30,Hyderabad,Electronics,0,Debit,1
491,2278.83,10058,32,100,Delhi,Electronics,0,Credit,0
492,3101.04,74637,63,21,Mumbai,Travel,0,Debit,1
493,1387.63,78033,42,60,Delhi,Groceries,0,Credit,0
494,941.42,70194,38,81,Mumbai,Groceries,0,Debit,0
495,2319.03,76917,41,97,Mumbai,Clothing,0,Credit,0
496,1767.41,64200,74,74,Hyderabad,Luxury,1,Debit,1
497,2918.7,46619,22,115,Mumbai,Luxury,0,Debit,0
498,389.6,17154,23,63,Pune,Clothing,0,Debit,0
499,4872.0,19539,66,111,Pune,Luxury,0,Debit,1
500,4931.07,60058,60,42,Pune,Electronics,0,Credit,0
501,3491.11,62068,65,51,Hyderabad,Electronics,0,Debit,0
502,2680.95,77313,61,64,Delhi,Travel,0,Credit,0
503,1548.33,30373,64,76,Bangalore,Travel,0,Credit,0
504,4069.16,33154,40,56,Mumbai,Clothing,1,Debit,1
505,3423.97,6031,21,80,Bangalore,Clothing,0,Debit,0
506,813.92,71975,44,41,Delhi,Clothing,1,Debit,1
507,4554.72,22785,35,32,Delhi,Electronics,0,Debit,0
508,4112.86,78928,38,15,Hyderabad,Luxury,1,Credit,1
509,4749.05,28669,45,62,Pune,Clothing,0,Credit,0
510,3628.87,2282,52,27,Pune,Clothing,0,Credit,1
511,3067.46,34624,39,28,Delhi,Electronics,1,Credit,0
512,2091.8,48438,57,81,Hyderabad,Electronics,0,Debit,0
513,4663.71,67534,40,64,Hyderabad,Electronics,0,Credit,0
514,4330.45,31705,20,110,Mumbai,Luxury,0,Debit,0
515,227.05,38244,57,59,Pune,Clothing,0,Debit,0
516,132.81,74964,67,114,Delhi,Groceries,0,Credit,0
517,1882.94,37437,27,58,Bangalore,Groceries,1,Credit,0
518,4052.96,77872,42,2,Pune,Clothing,0,Credit,0
519,4936.39,74878,69,36,Mumbai,Clothing,0,Credit,0
520,752.93,72982,66,114,Hyderabad,Clothing,0,Credit,0
521,2971.06,50583,25,71,Delhi,Clothing,0,Credit,0
522,1905.07,38392,72,13,Pune,Luxury,0,Debit,0
523,4849.6,7461,28,15,Bangalore,Groceries,0,Debit,0
524,4210.75,10516,22,89,Mumbai,Travel,0,Debit,0
525,4191.81,79285,62,87,Mumbai,Groceries,0,Credit,1
526,2344.0,17514,70,60,Pune,Groceries,0,Debit,0
527,2074.68,36268,72,22,Bangalore,Electronics,0,Debit,0
528,1367.76,36788,54,63,Mumbai,Clothing,0,Debit,0
529,282.82,75749,73,90,Delhi,Clothing,0,Debit,0
530,4323.75,61049,62,97,Mumbai,Clothing,0,Debit,0
531,4064.69,62493,55,75,Bangalore,Electronics,0,Debit,0
532,4998.59,36027,46,74,Hyderabad,Luxury,1,Credit,1
533,4983.19,42849,22,25,Hyderabad,Luxury,0,Credit,1
534,2777.6,17858,26,101,Pune,Travel,0,Credit,0
535,3845.17,84162,65,48,Bangalore,Luxury,0,Debit,0
536,4723.88,79003,19,43,Mumbai,Luxury,0,Credit,1
537,4248.39,52395,18,117,Mumbai,Clothing,1,Credit,1
538,1237.49,39758,57,38,Hyderabad,Groceries,0,Debit,0
539,2253.27,54312,68,41,Hyderabad,Luxury,0,Credit,0
540,646.67,68670,47,45,Delhi,Luxury,0,Debit,0
541,4770.3,82279,28,88,Hyderabad,Electronics,0,Credit,0
542,3031.27,15434,45,40,Delhi,Travel,0,Debit,0
543,1143.99,64047,61,110,Mumbai,Electronics,0,Debit,0
544,3358.83,47775,29,97,Delhi,Clothing,1,Credit,0
545,3091.02,75769,56,17,Delhi,Groceries,1,Debit,1
546,1791.46,66677,43,88,Pune,Travel,0,Credit,0
547,568.67,83555,30,101,Hyderabad,Electronics,0,Debit,0
548,3358.19,85920,25,57,Delhi,Luxury,0,Credit,0
549,2602.02,45734,71,2,Mumbai,Luxury,1,Credit,1
550,3861.82,40603,45,96,Bangalore,Travel,1,Debit,1
551,2601.3,76708,47,62,Delhi,Luxury,0,Credit,0
552,4261.06,81926,26,88,Hyderabad,Electronics,0,Credit,1
553,2759.98,68803,56,9,Pune,Electronics,0,Credit,0
554,2805.13,39332,48,68,Mumbai,Luxury,0,Debit,0
555,4383.39,21312,38,81,Pune,Luxury,0,Debit,1
556,2018.01,84526,73,17,Bangalore,Clothing,0,Credit,0
557,670.94,44179,64,117,Delhi,Groceries,0,Credit,0
558,144.88,71442,51,50,Delhi,Travel,0,Debit,0
559,3775.93,40379,72,112,Hyderabad,Electronics,0,Debit,0
560,3101.93,17297,48,94,Delhi,Travel,0,Credit,0
561,3520.69,2011,69,40,Mumbai,Clothing,0,Debit,0
562,1065.61,44014,42,58,Bangalore,Electronics,0,Debit,0
563,682.72,11738,29,75,Pune,Clothing,0,Credit,0
564,73.71,47498,18,85,Bangalore,Clothing,0,Debit,0
565,1753.59,11120,72,21,Delhi,Luxury,0,Debit,0
566,2950.0,8767,39,18,Pune,Travel,0,Debit,0
567,1961.83,22852,57,55,Hyderabad,Travel,0,Credit,0
568,2187.94,79239,54,29,Bangalore,Luxury,0,Debit,1
569,4520.89,929,64,24,Pune,Travel,0,Credit,0
570,1741.93,77487,18,74,Pune,Luxury,0,Debit,1
571,2570.43,17438,18,109,Pune,Electronics,0,Debit,0
572,3918.48,48515,74,17,Mumbai,Clothing,0,Credit,1
573,1983.32,5744,59,18,Bangalore,Clothing,0,Credit,0
574,3110.81,83820,71,42,Pune,Travel,0,Credit,0
575,4311.96,42417,59,112,Bangalore,Groceries,0,Credit,0
576,4747.65,7069,38,84,Pune,Clothing,0,Debit,0
577,736.22,42359,32,101,Hyderabad,Luxury,0,Credit,0
578,4633.01,19799,34,45,Hyderabad,Groceries,0,Credit,0
579,2461.09,70188,39,82,Hyderabad,Groceries,1,Credit,1
580,1291.96,7597,55,17,Delhi,Clothing,0,Debit,0
581,2296.22,47093,52,73,Pune,Clothing,0,Debit,0
582,4900.18,37226,62,14,Delhi,Clothing,0,Credit,0
583,2463.6,72127,33,49,Bangalore,Luxury,1,Credit,1
584,1644.43,77362,25,29,Delhi,Groceries,0,Credit,0
585,3167.37,26417,64,95,Bangalore,Travel,0,Credit,0
586,1201.49,18693,34,4,Bangalore,Luxury,0,Debit,0
587,380.24,79674,34,82,Bangalore,Electronics,0,Credit,0
588,645.27,53161,71,20,Delhi,Clothing,0,Debit,0
589,641.1,2169,43,47,Pune,Groceries,0,Credit,0
590,760.36,84092,30,107,Delhi,Luxury,0,Credit,0
591,695.0,22052,34,108,Pune,Electronics,0,Debit,0
592,3204.73,71849,55,9,Pune,Luxury,0,Credit,0
593,910.22,73851,34,77,Bangalore,Luxury,0,Credit,0
594,1728.99,8036,65,79,Delhi,Travel,0,Credit,0
595,4484.05,31778,31,27,Pune,Travel,0,Credit,0
596,2370.33,27734,62,15,Hyderabad,Luxury,0,Debit,0
597,3338.12,23173,23,92,Pune,Electronics,0,Credit,0
598,862.43,30403,52,101,Hyderabad,Groceries,0,Credit,0
599,962.25,66321,63,119,Delhi,Groceries,0,Debit,0
600,205.3,71675,31,19,Delhi,Clothing,0,Credit,0
601,845.51,6344,64,90,Delhi,Clothing,0,Debit,0
602,1393.67,18800,25,52,Pune,Groceries,0,Credit,0
603,885.88,25372,32,26,Mumbai,Luxury,0,Credit,0
604,444.42,61516,71,89,Pune,Luxury,0,Credit,0
605,604.06,20538,44,26,Pune,Travel,1,Debit,0
606,2304.43,63918,30,26,Bangalore,Travel,0,Debit,0
607,1032.46,14973,66,46,Bangalore,Clothing,0,Credit,0
608,1821.99,71155,48,92,Pune,Groceries,0,Debit,0
609,2517.58,59500,70,49,Hyderabad,Luxury,0,Credit,1
610,3452.28,36575,73,82,Bangalore,Groceries,0,Debit,0
611,197.52,42261,52,96,Pune,Electronics,0,Credit,0
612,3997.25,27716,23,53,Mumbai,Groceries,0,Debit,1
613,3139.87,3236,22,3,Hyderabad,Electronics,1,Credit,0
614,409.71,15848,39,66,Delhi,Travel,0,Debit,0
615,4368.02,2352,66,97,Pune,Travel,0,Debit,0
616,4604.44,1932,40,42,Pune,Clothing,1,Debit,0
617,306.33,76449,42,19,Hyderabad,Groceries,0,Debit,0
618,1385.11,8556,51,17,Bangalore,Groceries,0,Credit,0
619,4031.2,5498,43,108,Bangalore,Electronics,0,Credit,0
620,3741.55,76118,64,33,Bangalore,Travel,0,Debit,0
621,923.42,50098,22,76,Delhi,Electronics,0,Credit,0
622,1047.54,64386,43,49,Hyderabad,Travel,0,Debit,0
623,1852.99,9569,37,56,Hyderabad,Electronics,0,Credit,0
624,2423.13,56882,23,63,Bangalore,Travel,1,Debit,0
625,3091.66,70393,23,3,Bangalore,Electronics,1,Credit,0
626,1845.2,340,67,107,Mumbai,Travel,1,Credit,0
627,2313.21,43949,35,49,Mumbai,Electronics,0,Debit,0
628,3737.61,82302,21,55,Pune,Groceries,0,Debit,0
629,184.38,62443,34,26,Pune,Clothing,0,Debit,0
630,1262.93,74027,74,99,Hyderabad,Electronics,0,Debit,0
631,3567.03,138,31,72,Hyderabad,Clothing,1,Debit,0
632,4476.14,358,31,52,Delhi,Groceries,0,Credit,0
633,2558.88,75250,30,100,Delhi,Groceries,1,Debit,0
634,2661.04,85376,24,117,Mumbai,Travel,0,Credit,0
635,536.75,30654,61,118,Pune,Clothing,1,Debit,0
636,2237.61,25879,72,7,Mumbai,Luxury,1,Credit,0
637,2663.55,81532,32,46,Mumbai,Travel,0,Credit,0
638,1213.11,55778,36,46,Pune,Clothing,0,Debit,0
639,1346.95,37772,60,100,Delhi,Electronics,0,Debit,0
640,1887.04,58478,64,16,Pune,Electronics,0,Credit,0
641,101.34,64353,61,24,Bangalore,Groceries,0,Credit,0
642,1611.07,26762,52,61,Bangalore,Luxury,0,Debit,0
643,1058.03,13283,34,54,Bangalore,Electronics,1,Credit,1
644,1638.16,63922,52,62,Hyderabad,Clothing,0,Credit,0
645,599.69,39420,36,1,Delhi,Clothing,0,Credit,0
646,4452.75,55568,37,49,Delhi,Electronics,0,Credit,0
647,2968.37,85090,53,25,Hyderabad,Clothing,0,Credit,0
648,3395.83,20219,52,10,Mumbai,Clothing,0,Credit,0
649,3946.07,57169,49,118,Bangalore,Groceries,0,Debit,1
650,2492.71,74965,65,80,Bangalore,Luxury,0,Debit,0
651,435.51,46840,61,16,Mumbai,Groceries,0,Debit,0
652,2686.0,44695,57,58,Pune,Luxury,0,Debit,0
653,2934.62,84754,41,72,Pune,Clothing,0,Credit,0
654,3727.45,77988,34,29,Delhi,Luxury,0,Debit,1
655,2158.87,58342,24,103,Hyderabad,Clothing,0,Credit,0
656,638.77,18951,60,92,Delhi,Clothing,0,Credit,0
657,1419.6,1307,67,6,Pune,Groceries,1,Debit,1
658,1816.05,80388,18,16,Mumbai,Groceries,0,Debit,0
659,3229.94,35428,52,20,Delhi,Travel,0,Credit,1
660,2854.32,75774,49,80,Bangalore,Electronics,0,Debit,0
661,1781.13,38975,53,71,Bangalore,Travel,0,Debit,0
662,4932.59,1140,30,105,Mumbai,Travel,1,Credit,1
663,3029.27,24842,23,78,Pune,Luxury,0,Credit,0
664,1186.9,26421,31,43,Bangalore,Clothing,0,Credit,0
665,509.81,1708,54,26,Bangalore,Clothing,0,Credit,0
666,765.14,3630,65,90,Hyderabad,Clothing,0,Credit,0
667,1230.54,19595,32,78,Delhi,Electronics,0,Credit,0
668,804.25,76021,64,71,Pune,Luxury,0,Debit,1
669,933.65,28308,21,33,Delhi,Luxury,0,Debit,0
670,1426.19,44789,57,26,Pune,Clothing,0,Debit,0
671,867.69,55690,33,45,Bangalore,Travel,0,Credit,0
672,4483.93,26086,45,84,Hyderabad,Electronics,0,Credit,0
673,402.09,16859,33,63,Delhi,Travel,0,Debit,0
674,2623.03,7684,21,67,Bangalore,Groceries,0,Debit,0
675,2052.57,1207,62,52,Pune,Luxury,0,Debit,0
676,4911.91,46099,43,68,Delhi,Luxury,0,Credit,1
677,561.08,67496,45,26,Delhi,Travel,0,Debit,0
678,1989.88,66093,49,75,Bangalore,Electronics,0,Debit,0
679,4847.38,29689,62,2,Delhi,Luxury,0,Debit,0
680,4327.67,48651,19,14,Hyderabad,Travel,0,Credit,1
681,4085.54,13893,48,108,Hyderabad,Electronics,1,Debit,1
682,1290.26,66418,20,30,Bangalore,Travel,0,Debit,0
683,855.27,60011,71,49,Pune,Electronics,0,Credit,0
684,3343.55,38635,25,12,Bangalore,Clothing,0,Credit,0
685,4646.95,56115,41,90,Hyderabad,Electronics,1,Credit,0
686,2784.26,78405,32,44,Mumbai,Groceries,0,Credit,0
687,2858.49,72702,60,33,Mumbai,Clothing,1,Credit,0
688,1400.62,78518,48,13,Delhi,Travel,1,Debit,0
689,3847.7,72805,26,78,Delhi,Clothing,0,Debit,0
690,936.03,58954,56,88,Mumbai,Clothing,1,Credit,0
691,1619.07,28064,62,98,Hyderabad,Travel,0,Credit,0
692,2127.76,79063,19,108,Delhi,Travel,0,Credit,0
693,2538.54,2454,25,26,Bangalore,Groceries,0,Credit,0
694,1212.81,20878,24,21,Bangalore,Travel,0,Debit,0
695,575.07,51098,73,28,Hyderabad,Luxury,0,Debit,0
696,3053.49,62154,61,48,Delhi,Luxury,0,Credit,1
697,1443.86,12991,68,100,Bangalore,Groceries,0,Credit,0
698,2906.61,68344,56,40,Delhi,Electronics,0,Credit,0
699,772.66,36593,59,66,Delhi,Electronics,0,Credit,0
700,2406.22,36304,74,106,Bangalore,Luxury,0,Debit,0
701,2663.41,30386,33,73,Mumbai,Travel,0,Credit,0
702,260.07,55220,52,87,Bangalore,Groceries,0,Credit,0
703,1683.68,69338,47,79,Hyderabad,Electronics,0,Debit,0
704,672.94,21083,27,77,Pune,Electronics,0,Credit,0
705,317.81,18354,55,23,Bangalore,Clothing,0,Debit,0
706,4949.81,22190,35,81,Delhi,Luxury,0,Credit,1
707,1612.45,6142,67,48,Delhi,Travel,0,Credit,0
708,4049.56,28398,22,2,Bangalore,Groceries,1,Debit,1
709,1273.95,51971,70,84,Pune,Electronics,0,Credit,0
710,3407.83,41862,46,20,Bangalore,Clothing,1,Debit,0
711,3801.38,53410,56,59,Pune,Luxury,0,Debit,0
712,2978.6,19503,51,46,Pune,Luxury,0,Debit,0
713,2358.41,48456,60,3,Hyderabad,Groceries,0,Credit,0
714,2059.79,82035,62,55,Delhi,Electronics,0,Credit,0
715,1744.99,8016,40,12,Delhi,Groceries,0,Debit,0
716,4647.72,2384,22,40,Pune,Groceries,0,Credit,0
717,4153.27,62320,47,66,Delhi,Clothing,0,Credit,1
718,4825.17,15072,23,100,Mumbai,Luxury,0,Credit,0
719,622.36,80018,73,78,Pune,Travel,0,Debit,0
720,3654.61,40510,63,16,Delhi,Luxury,0,Debit,0
721,4691.76,48933,61,83,Mumbai,Luxury,0,Credit,1
722,906.98,21826,21,34,Hyderabad,Clothing,0,Debit,0
723,333.41,68026,46,44,Delhi,Travel,0,Credit,0
724,3705.86,25518,40,110,Mumbai,Electronics,0,Credit,0
725,2872.79,24045,23,6,Bangalore,Travel,0,Credit,0
726,4209.3,50876,49,77,Bangalore,Electronics,1,Debit,0
727,699.72,51919,59,64,Mumbai,Travel,0,Debit,0
728,3976.54,27103,35,100,Pune,Groceries,0,Credit,0
729,1008.93,36188,32,22,Pune,Travel,0,Debit,0
730,819.12,5845,57,18,Delhi,Clothing,0,Credit,0
731,822.16,36674,49,12,Bangalore,Electronics,0,Debit,0
732,4073.06,19337,26,52,Pune,Luxury,0,Debit,0
733,3326.32,22313,54,118,Pune,Clothing,0,Debit,0
734,2615.8,26943,27,94,Bangalore,Electronics,0,Credit,0
735,1794.79,77949,37,117,Hyderabad,Electronics,0,Credit,0
736,4386.13,276,23,51,Pune,Luxury,0,Credit,0
737,1962.83,51151,65,104,Mumbai,Groceries,0,Debit,0
738,4083.18,17611,73,71,Delhi,Clothing,0,Credit,0
739,2196.24,11944,20,96,Pune,Luxury,0,Credit,1
740,1885.35,52887,59,48,Pune,Luxury,0,Credit,1
741,2313.94,81442,28,19,Hyderabad,Groceries,0,Credit,0
742,1507.59,49847,60,6,Mumbai,Clothing,0,Debit,0
743,3738.3,58653,34,84,Delhi,Luxury,1,Debit,1
744,2514.1,86072,49,27,Pune,Groceries,0,Credit,0
745,1161.83,56622,21,53,Delhi,Clothing,0,Debit,0
746,4497.97,27810,21,107,Bangalore,Travel,0,Debit,0
747,1920.07,77842,34,101,Pune,Electronics,0,Debit,0
748,2718.22,10503,58,48,Pune,Groceries,0,Debit,0
749,4532.45,84761,36,7,Bangalore,Electronics,0,Debit,1
750,3121.57,36976,22,59,Hyderabad,Travel,0,Credit,0
751,585.37,11590,49,69,Pune,Luxury,0,Debit,0
752,4699.22,10886,39,11,Delhi,Luxury,0,Credit,0
753,3138.91,12866,73,15,Mumbai,Clothing,0,Credit,0
754,1675.19,66624,23,64,Delhi,Groceries,0,Credit,0
755,697.22,68899,52,3,Hyderabad,Groceries,0,Debit,0
756,3970.33,32792,39,69,Mumbai,Clothing,0,Debit,0
757,3100.74,9764,18,23,Delhi,Electronics,0,Debit,0
758,2667.77,86156,37,53,Delhi,Luxury,0,Debit,0
759,4469.57,42727,39,37,Bangalore,Luxury,0,Credit,0
760,3943.2,78471,65,9,Hyderabad,Groceries,0,Credit,0
761,759.22,8068,72,15,Bangalore,Groceries,0,Credit,0
762,1559.3,7295,28,3,Mumbai,Clothing,0,Debit,0
763,1243.2,41160,30,93,Bangalore,Travel,0,Credit,0
764,3719.99,11390,59,70,Hyderabad,Electronics,0,Credit,0
765,168.63,20131,20,17,Pune,Travel,0,Credit,0
766,2849.88,75969,26,26,Pune,Travel,0,Debit,0
767,3812.53,15038,29,21,Mumbai,Groceries,0,Credit,1
768,4383.95,52327,40,72,Pune,Groceries,0,Credit,1
769,1711.07,77064,31,21,Bangalore,Groceries,0,Debit,0
770,4106.47,21281,50,11,Mumbai,Travel,0,Credit,0
771,554.05,54189,35,38,Hyderabad,Electronics,1,Debit,0
772,4232.42,48511,66,72,Mumbai,Groceries,0,Credit,0
773,638.32,8605,58,106,Mumbai,Luxury,1,Debit,1
774,1987.04,1381,26,88,Delhi,Electronics,1,Debit,0
775,3986.68,66634,40,35,Delhi,Luxury,0,Debit,0
776,750.44,19810,27,119,Mumbai,Electronics,1,Credit,0
777,1147.03,24322,36,14,Pune,Groceries,0,Credit,0
778,3611.54,41869,64,119,Delhi,Clothing,0,Debit,0
779,3600.46,32955,22,14,Hyderabad,Groceries,0,Debit,0
780,3206.1,61388,64,10,Bangalore,Travel,0,Debit,1
781,3470.05,10207,69,12,Delhi,Travel,0,Debit,1
782,2714.08,67628,40,38,Mumbai,Electronics,0,Debit,0
783,1259.74,28220,47,108,Pune,Travel,0,Debit,0
784,1729.13,84050,42,119,Bangalore,Groceries,0,Debit,0
785,908.81,74085,45,110,Delhi,Luxury,0,Debit,0
786,4542.34,22031,51,34,Pune,Groceries,1,Debit,1
787,2917.38,70721,62,41,Pune,Electronics,0,Debit,0
788,2004.86,80807,73,10,Pune,Travel,0,Debit,0
789,2310.57,71312,65,17,Mumbai,Luxury,0,Debit,0
790,4736.47,59766,64,17,Hyderabad,Clothing,0,Credit,0
791,767.6,12449,42,67,Pune,Luxury,0,Debit,0
792,2931.56,56699,27,62,Bangalore,Luxury,0,Credit,0
793,2529.94,81253,31,95,Delhi,Groceries,0,Credit,0
794,3057.66,46092,59,115,Bangalore,Clothing,0,Credit,0
795,91.53,63671,74,1,Mumbai,Electronics,1,Debit,1
796,4360.75,10350,63,12,Mumbai,Electronics,0,Credit,1
797,4660.66,68487,47,103,Bangalore,Luxury,0,Debit,0
798,2826.1,17622,72,4,Hyderabad,Luxury,0,Credit,0
799,3483.56,70263,58,42,Mumbai,Travel,0,Debit,0
800,4612.57,53117,42,13,Mumbai,Clothing,0,Debit,0
801,3536.49,58394,31,98,Bangalore,Luxury,0,Credit,1
802,763.54,23782,52,106,Mumbai,Travel,0,Credit,0
803,2881.87,28454,69,85,Hyderabad,Clothing,0,Debit,0
804,3033.97,67904,65,86,Hyderabad,Electronics,0,Credit,0
805,2121.23,15592,51,4,Hyderabad,Travel,0,Debit,0
806,3682.48,22173,27,82,Delhi,Clothing,0,Debit,0
807,4671.9,33204,52,69,Hyderabad,Travel,0,Debit,0
808,4627.92,35596,28,19,Hyderabad,Luxury,0,Credit,1
809,2254.75,34324,28,2,Delhi,Groceries,0,Debit,0
810,567.08,61202,38,12,Pune,Electronics,0,Debit,0
811,4924.22,30750,38,81,Mumbai,Luxury,0,Debit,0
812,4194.65,76112,39,74,Hyderabad,Luxury,0,Debit,0
813,624.19,16566,62,98,Mumbai,Clothing,0,Credit,0
814,4604.29,7190,24,6,Bangalore,Travel,0,Credit,0
815,4349.61,38333,72,8,Mumbai,Electronics,1,Credit,1
816,2594.67,80905,34,51,Delhi,Luxury,0,Credit,0
817,2956.79,1589,19,11,Mumbai,Clothing,0,Debit,0
818,1995.61,25235,29,63,Mumbai,Electronics,0,Debit,0
819,274.75,159,74,57,Mumbai,Travel,0,Debit,0
820,1676.65,12145,59,12,Pune,Luxury,0,Debit,0
821,4014.46,80909,35,73,Pune,Luxury,0,Debit,1
822,24.16,31921,71,2,Bangalore,Luxury,0,Debit,0
823,1668.16,16237,28,8,Delhi,Electronics,0,Credit,0
824,1991.45,8244,33,11,Mumbai,Electronics,0,Debit,0
825,2687.44,14743,66,53,Mumbai,Electronics,0,Debit,0
826,4599.36,46101,68,100,Mumbai,Electronics,0,Debit,0
827,1732.38,84227,35,10,Mumbai,Clothing,0,Credit,0
828,1735.42,56378,52,85,Pune,Groceries,0,Debit,0
829,3687.77,71126,70,84,Bangalore,Clothing,0,Debit,0
830,2261.64,56071,43,112,Hyderabad,Luxury,0,Debit,0
831,1123.8,71121,33,8,Delhi,Clothing,0,Credit,0
832,2262.75,74763,23,36,Mumbai,Travel,0,Debit,0
833,705.14,12237,74,93,Bangalore,Electronics,0,Debit,0
834,882.76,15649,61,106,Hyderabad,Travel,0,Credit,0
835,2492.34,37713,60,76,Bangalore,Travel,1,Debit,0
836,2095.21,73463,64,14,Pune,Luxury,0,Credit,0
837,4574.31,45409,64,112,Hyderabad,Electronics,0,Debit,0
838,1812.61,48766,65,54,Bangalore,Travel,0,Credit,0
839,2903.36,46154,59,114,Pune,Luxury,0,Debit,0
840,3161.69,7016,29,85,Bangalore,Electronics,0,Debit,0
841,66.46,79563,30,86,Bangalore,Groceries,0,Credit,0
842,3318.02,48688,21,21,Hyderabad,Luxury,0,Debit,0
843,891.0,54238,56,108,Pune,Clothing,0,Debit,0
844,4805.39,58608,71,50,Mumbai,Electronics,0,Credit,1
845,744.16,31897,19,94,Delhi,Travel,0,Debit,0
846,2073.71,50961,43,39,Hyderabad,Travel,0,Credit,0
847,427.66,68703,44,20,Pune,Clothing,0,Debit,0
848,4984.37,44757,44,88,Bangalore,Clothing,0,Credit,0
849,2511.47,26917,32,87,Pune,Travel,1,Debit,0
850,2977.33,22736,25,7,Delhi,Electronics,0,Debit,0
851,336.32,27990,24,9,Delhi,Luxury,0,Credit,0
852,3750.05,62551,64,1,Mumbai,Clothing,0,Debit,1
853,1050.32,58161,72,26,Mumbai,Clothing,0,Credit,0
854,4490.37,79623,63,38,Delhi,Clothing,0,Credit,0
855,1026.49,22440,57,38,Hyderabad,Groceries,0,Credit,0
856,954.25,35205,29,118,Hyderabad,Electronics,0,Debit,0
857,183.71,80811,30,61,Bangalore,Electronics,0,Debit,0
858,2360.86,55103,60,44,Mumbai,Electronics,0,Debit,0
859,2824.64,70812,34,86,Bangalore,Electronics,0,Credit,0
860,329.48,41627,34,44,Mumbai,Electronics,0,Credit,0
861,3877.86,19008,73,74,Delhi,Travel,0,Credit,0
862,2266.99,71274,53,119,Hyderabad,Clothing,0,Debit,0
863,2622.43,32402,38,62,Hyderabad,Travel,0,Credit,0
864,2204.37,53384,25,6,Delhi,Groceries,0,Debit,0
865,2004.41,5793,22,17,Bangalore,Luxury,0,Debit,0
866,2798.64,5571,43,51,Bangalore,Clothing,0,Debit,0
867,777.05,16209,33,114,Pune,Groceries,0,Debit,0
868,910.46,43148,53,38,Mumbai,Travel,0,Debit,0
869,4309.07,2224,45,24,Bangalore,Luxury,0,Debit,0
870,4730.63,48695,71,51,Delhi,Groceries,1,Debit,0
871,1867.17,32441,46,10,Bangalore,Luxury,0,Debit,0
872,1354.45,39129,64,72,Hyderabad,Groceries,0,Credit,0
873,3220.35,62368,29,21,Mumbai,Travel,0,Debit,0
874,2044.26,44760,54,70,Pune,Luxury,0,Debit,0
875,127.91,23478,47,85,Mumbai,Groceries,0,Credit,0
876,781.61,71854,40,57,Hyderabad,Travel,0,Credit,0
877,3580.15,85716,33,39,Hyderabad,Clothing,0,Credit,0
878,3294.96,12180,31,88,Hyderabad,Travel,0,Credit,0
879,136.45,15372,27,33,Hyderabad,Travel,0,Debit,0
880,1110.64,29796,24,59,Delhi,Clothing,0,Credit,0
881,1156.14,58272,62,18,Pune,Travel,0,Credit,0
882,3359.79,54040,69,56,Hyderabad,Clothing,0,Credit,1
883,99.53,75357,54,92,Hyderabad,Clothing,0,Credit,0
884,521.44,71368,46,57,Bangalore,Clothing,1,Debit,1
885,3999.78,78356,20,116,Pune,Groceries,0,Credit,1
886,893.54,16211,32,96,Mumbai,Luxury,0,Credit,1
887,3264.08,5842,53,76,Pune,Groceries,0,Credit,0
888,1191.68,63115,64,48,Pune,Clothing,0,Credit,0
889,498.11,66852,63,42,Pune,Luxury,0,Debit,0
890,1216.62,45968,69,27,Hyderabad,Luxury,0,Credit,0
891,3611.61,17508,36,74,Hyderabad,Clothing,0,Credit,0
892,4278.63,22005,30,110,Delhi,Luxury,0,Credit,0
893,4151.27,54575,59,52,Mumbai,Luxury,0,Debit,0
894,1986.52,80742,38,42,Bangalore,Groceries,0,Credit,0
895,3340.76,18971,54,32,Pune,Luxury,0,Credit,0
896,1025.72,25599,44,106,Mumbai,Clothing,0,Debit,0
897,1466.45,66914,72,26,Mumbai,Electronics,0,Credit,0
898,4481.78,67055,69,25,Delhi,Electronics,0,Debit,0
899,66.0,5355,46,75,Bangalore,Electronics,0,Debit,0
900,428.46,54120,37,23,Pune,Clothing,0,Credit,0
901,1040.22,74619,42,98,Bangalore,Electronics,1,Credit,0
902,133.63,38342,23,57,Delhi,Groceries,0,Debit,0
903,908.0,85992,53,52,Hyderabad,Clothing,0,Debit,0
904,2915.62,78860,19,104,Mumbai,Clothing,0,Credit,0
905,2107.7,2257,39,87,Pune,Clothing,0,Debit,0
906,4463.47,27364,49,93,Hyderabad,Luxury,0,Debit,1
907,4087.4,24972,33,31,Delhi,Luxury,0,Credit,0
908,1709.74,26654,35,64,Bangalore,Luxury,1,Debit,0
909,1297.86,80769,22,71,Mumbai,Travel,0,Debit,0
910,1899.08,81423,71,104,Pune,Groceries,0,Debit,0
911,2951.88,29320,53,33,Hyderabad,Clothing,0,Debit,0
912,1341.05,20808,47,85,Hyderabad,Clothing,0,Debit,0
913,3121.12,52389,62,2,Mumbai,Luxury,0,Debit,1
914,2047.65,34773,36,18,Bangalore,Clothing,0,Credit,0
915,2760.68,51168,40,47,Delhi,Clothing,0,Debit,0
916,2181.2,27747,51,33,Bangalore,Electronics,1,Credit,1
917,1473.03,76396,30,101,Bangalore,Clothing,0,Credit,0
918,4742.32,83692,60,98,Bangalore,Travel,0,Credit,0
919,3818.27,57505,71,84,Mumbai,Luxury,1,Credit,1
920,701.43,85896,46,35,Mumbai,Groceries,0,Credit,0
921,4342.47,18135,53,51,Delhi,Groceries,1,Credit,0
922,2437.67,47377,39,114,Bangalore,Electronics,1,Credit,0
923,4472.87,23554,69,118,Mumbai,Groceries,1,Credit,1
924,3999.48,62491,69,18,Delhi,Groceries,0,Debit,0
925,2126.64,55621,64,110,Delhi,Luxury,0,Credit,0
926,113.32,58283,53,88,Bangalore,Luxury,0,Credit,1
927,1344.12,85140,26,72,Pune,Travel,1,Credit,0
928,2708.63,16923,56,30,Bangalore,Electronics,0,Debit,0
929,3167.76,47591,68,44,Pune,Groceries,0,Credit,0
930,1290.18,62261,36,53,Delhi,Travel,0,Debit,0
931,697.64,54336,55,10,Mumbai,Electronics,0,Credit,0
932,4174.82,74083,23,87,Hyderabad,Groceries,0,Credit,0
933,4922.03,60948,69,52,Delhi,Groceries,0,Debit,0
934,2628.93,33002,64,49,Mumbai,Luxury,0,Credit,0
935,859.22,80098,32,11,Delhi,Clothing,0,Debit,0
936,1362.26,73016,74,66,Bangalore,Electronics,1,Debit,1
937,92.93,26672,37,58,Pune,Groceries,0,Credit,0
938,4571.58,4213,26,90,Delhi,Electronics,0,Credit,0
939,589.64,10293,49,36,Mumbai,Travel,0,Debit,0
940,2883.01,55860,21,33,Bangalore,Travel,0,Debit,0
941,1371.0,62507,67,47,Hyderabad,Clothing,0,Credit,0
942,2771.34,57134,35,13,Bangalore,Groceries,1,Credit,0
943,3257.45,2100,22,40,Pune,Luxury,0,Credit,0
944,4148.88,61997,37,89,Bangalore,Groceries,0,Debit,0
945,1032.9,28172,40,68,Hyderabad,Electronics,0,Credit,0
946,55.97,20132,28,42,Mumbai,Travel,0,Debit,0
947,685.29,18199,54,19,Delhi,Electronics,0,Credit,0
948,4500.19,36609,39,82,Pune,Clothing,0,Debit,0
949,4369.58,42965,21,101,Hyderabad,Travel,0,Debit,0
950,2987.47,8016,46,94,Pune,Luxury,0,Credit,0
951,3002.98,39779,61,19,Bangalore,Travel,0,Debit,0
952,3325.52,31881,51,58,Pune,Groceries,0,Debit,1
953,877.68,82594,30,23,Hyderabad,Groceries,0,Debit,0
954,4572.15,24472,59,54,Delhi,Travel,0,Debit,1
955,2094.43,51813,26,80,Delhi,Clothing,1,Debit,1
956,1916.31,36021,59,65,Pune,Groceries,0,Credit,0
957,2595.07,54131,48,12,Mumbai,Groceries,0,Credit,0
958,235.78,24087,24,24,Pune,Luxury,1,Debit,0
959,832.25,12828,21,34,Bangalore,Travel,0,Credit,0
960,3690.43,61610,36,53,Delhi,Groceries,0,Debit,0
961,414.91,1401,59,8,Delhi,Clothing,0,Debit,0
962,3016.16,85179,47,18,Delhi,Electronics,0,Credit,0
963,1227.5,15193,48,57,Mumbai,Travel,0,Debit,0
964,1947.09,44864,52,112,Mumbai,Luxury,0,Debit,1
965,1444.18,20307,74,5,Hyderabad,Groceries,0,Debit,0
966,1779.01,19611,38,26,Pune,Clothing,0,Credit,0
967,3595.51,43791,48,30,Pune,Travel,1,Credit,0
968,1486.31,11950,36,54,Bangalore,Clothing,0,Debit,0
969,2832.46,76240,48,13,Delhi,Clothing,0,Debit,0
970,2380.78,77403,70,83,Mumbai,Luxury,0,Debit,0
971,3318.69,2745,49,29,Bangalore,Travel,0,Debit,0
972,4684.21,55243,19,3,Bangalore,Groceries,0,Debit,0
973,3663.13,3866,69,90,Mumbai,Luxury,1,Credit,1
974,1075.49,32245,27,104,Pune,Groceries,0,Credit,0
975,156.88,44724,19,58,Delhi,Electronics,0,Credit,0
976,1312.06,71354,19,76,Pune,Clothing,0,Credit,0
977,2975.79,51374,41,2,Bangalore,Electronics,0,Debit,0
978,258.08,30116,34,75,Delhi,Clothing,0,Debit,0
979,2482.33,81029,49,108,Hyderabad,Luxury,0,Credit,0
980,2984.62,20447,33,28,Bangalore,Groceries,0,Credit,0
981,1671.89,30431,33,82,Pune,Groceries,0,Debit,0
982,3854.79,17908,63,77,Pune,Luxury,0,Credit,1
983,533.88,29336,56,101,Pune,Travel,0,Debit,0
984,376.61,40992,70,86,Mumbai,Electronics,0,Debit,0
985,3641.22,55350,48,76,Bangalore,Electronics,0,Debit,0
986,2477.96,69561,60,2,Delhi,Groceries,0,Credit,0
987,3442.32,51955,41,101,Pune,Groceries,0,Credit,0
988,2174.7,61240,18,7,Pune,Groceries,0,Credit,0
989,1232.76,20093,28,26,Mumbai,Luxury,0,Credit,0
990,4095.69,6155,72,90,Delhi,Travel,1,Credit,0
991,3997.28,46607,38,88,Bangalore,Electronics,0,Debit,0
992,3473.79,33487,21,76,Hyderabad,Clothing,1,Credit,0
993,1361.45,55668,24,16,Mumbai,Luxury,0,Debit,0
994,2951.56,20963,43,23,Bangalore,Electronics,0,Debit,0
995,1805.51,50124,64,40,Hyderabad,Travel,1,Debit,1
996,458.82,52870,67,60,Pune,Luxury,0,Credit,0
997,4586.65,56547,29,73,Pune,Electronics,0,Credit,0
998,684.96,64110,48,32,Delhi,Luxury,0,Credit,0
999,4751.24,53554,34,15,Hyderabad,Electronics,1,Credit,1
1000,2230.58,20936,50,101,Pune,Electronics,1,Credit,0
1001,926.48,4426,28,13,Pune,Travel,0,Credit,0
1002,2709.96,27606,45,5,Delhi,Clothing,0,Credit,0
1003,4364.86,47832,49,75,Bangalore,Travel,0,Credit,0
1004,3661.39,28151,18,74,Pune,Electronics,0,Debit,0
1005,4033.0,79303,64,52,Mumbai,Luxury,0,Credit,1
1006,3294.26,11308,45,77,Mumbai,Travel,0,Debit,1
1007,3461.69,62522,70,41,Bangalore,Clothing,0,Debit,0
1008,4246.13,45671,59,53,Hyderabad,Electronics,0,Debit,0
1009,1249.09,2204,24,110,Delhi,Travel,0,Debit,0
1010,2447.64,31131,19,50,Mumbai,Travel,1,Credit,0
1011,1106.83,52428,59,15,Mumbai,Travel,0,Credit,0
1012,4938.35,33870,41,106,Bangalore,Travel,0,Debit,0
1013,4720.35,49067,21,7,Hyderabad,Luxury,1,Debit,1
1014,198.09,58585,61,40,Hyderabad,Clothing,0,Debit,0
1015,3528.17,21607,36,28,Bangalore,Clothing,0,Credit,1
1016,4626.32,24968,43,32,Mumbai,Electronics,0,Debit,0
1017,903.7,11908,28,99,Delhi,Groceries,0,Debit,0
1018,2840.16,26423,57,15,Mumbai,Luxury,0,Credit,0
1019,4577.53,74707,67,112,Hyderabad,Electronics,0,Debit,0
1020,170.7,78257,60,100,Mumbai,Electronics,0,Credit,0
1021,3487.4,61215,28,85,Delhi,Travel,1,Credit,1
1022,1487.45,55835,62,70,Pune,Groceries,0,Debit,0
1023,4622.06,49429,20,65,Mumbai,Groceries,0,Debit,0
1024,4855.32,82152,29,4,Bangalore,Luxury,0,Debit,1
1025,4721.39,38458,20,11,Pune,Groceries,0,Credit,0
1026,2371.6,46169,59,108,Bangalore,Electronics,0,Credit,0
1027,4310.35,7659,44,26,Bangalore,Groceries,1,Credit,1
1028,4222.9,60614,66,61,Bangalore,Groceries,0,Debit,0
1029,1596.18,77240,71,37,Mumbai,Clothing,0,Debit,0
1030,4144.75,32793,19,23,Hyderabad,Electronics,0,Debit,1
1031,186.0,46473,66,93,Pune,Groceries,0,Debit,0
1032,2981.75,55751,33,85,Delhi,Groceries,0,Debit,0
1033,1150.81,78915,19,112,Hyderabad,Travel,0,Debit,0
1034,603.71,54254,71,109,Mumbai,Groceries,0,Credit,0
1035,385.69,7006,47,109,Bangalore,Groceries,0,Credit,0
1036,3481.75,74218,37,113,Delhi,Clothing,0,Credit,0
1037,1700.03,65344,55,91,Pune,Electronics,0,Debit,0
1038,3624.11,33840,45,103,Hyderabad,Luxury,0,Credit,0
1039,327.72,32430,42,40,Hyderabad,Electronics,0,Credit,0
1040,1577.14,23091,49,77,Delhi,Travel,0,Credit,0
1041,2697.92,32983,27,23,Mumbai,Electronics,0,Debit,0
1042,3953.83,23989,59,16,Pune,Groceries,1,Debit,0
1043,1594.44,75451,57,94,Delhi,Travel,0,Credit,0
1044,3129.83,18990,50,61,Bangalore,Electronics,0,Debit,0
1045,4430.0,80360,30,68,Pune,Travel,1,Debit,0
1046,3079.7,36081,73,104,Hyderabad,Luxury,0,Debit,0
1047,1165.56,11033,58,80,Delhi,Electronics,0,Debit,0
1048,122.98,16241,71,31,Hyderabad,Groceries,0,Credit,0
1049,4350.62,5939,59,53,Hyderabad,Travel,0,Debit,0
1050,107.33,47562,64,106,Hyderabad,Clothing,0,Credit,0
1051,4373.63,35063,54,25,Mumbai,Travel,0,Credit,0
1052,2645.16,76721,71,44,Hyderabad,Clothing,0,Debit,0
1053,4695.4,27045,33,12,Bangalore,Groceries,0,Debit,0
1054,3994.12,44769,62,90,Bangalore,Luxury,0,Debit,0
1055,4989.67,47118,39,101,Pune,Clothing,0,Credit,0
1056,1754.21,84703,74,112,Hyderabad,Luxury,0,Credit,1
1057,3836.17,21625,37,97,Hyderabad,Travel,0,Credit,1
1058,2010.25,27076,67,92,Delhi,Groceries,0,Credit,0
1059,2399.9,64805,60,9,Mumbai,Clothing,0,Credit,0
1060,3137.9,44605,44,12,Pune,Travel,0,Credit,0
1061,4368.51,84565,58,69,Hyderabad,Electronics,0,Credit,0
1062,4920.43,39121,33,54,Delhi,Travel,0,Debit,1
1063,3841.6,65101,51,116,Mumbai,Luxury,1,Credit,0
1064,2089.42,31433,49,54,Pune,Groceries,0,Credit,0
1065,2107.36,43309,43,28,Pune,Groceries,0,Credit,0
1066,3688.17,67468,42,56,Hyderabad,Travel,0,Credit,1
1067,1194.65,44254,19,99,Pune,Electronics,0,Debit,0
1068,553.26,67293,29,69,Delhi,Luxury,0,Credit,1
1069,1773.76,37853,57,98,Pune,Travel,0,Credit,0
1070,1436.91,38405,26,110,Bangalore,Travel,1,Debit,1
1071,1482.24,66652,29,98,Delhi,Groceries,0,Debit,0
1072,1168.81,43527,43,77,Mumbai,Luxury,0,Credit,0
1073,211.42,77227,26,103,Mumbai,Electronics,0,Credit,0
1074,90.35,492,27,106,Hyderabad,Groceries,1,Credit,0
1075,4938.62,8811,49,109,Hyderabad,Travel,0,Credit,0
1076,2139.44,24272,74,112,Bangalore,Groceries,0,Credit,0
1077,1922.25,72010,51,58,Mumbai,Groceries,0,Credit,0
1078,3398.56,47153,65,78,Mumbai,Clothing,0,Debit,0
1079,1092.05,54110,37,75,Mumbai,Groceries,0,Debit,0
1080,4749.86,13979,56,42,Mumbai,Groceries,1,Credit,0
1081,3931.94,28328,19,38,Pune,Luxury,0,Credit,0
1082,447.97,12867,18,68,Delhi,Groceries,0,Credit,0
1083,2088.49,59234,68,53,Delhi,Electronics,0,Debit,0
1084,4395.71,25851,53,33,Bangalore,Travel,0,Credit,0
1085,4723.72,31279,41,71,Pune,Luxury,0,Debit,0
1086,2337.54,73402,71,56,Mumbai,Groceries,1,Debit,0
1087,3067.44,15449,44,105,Mumbai,Electronics,0,Credit,0
1088,836.0,76221,19,72,Hyderabad,Travel,1,Debit,1
1089,4955.85,5451,48,101,Hyderabad,Luxury,0,Credit,0
1090,1159.13,41316,74,51,Bangalore,Electronics,0,Debit,0
1091,4713.72,63064,31,74,Mumbai,Groceries,0,Credit,0
1092,3248.58,63761,19,43,Bangalore,Clothing,0,Credit,0
1093,3039.08,38870,46,15,Pune,Clothing,0,Debit,0
1094,2563.93,30873,32,38,Delhi,Luxury,0,Debit,0
1095,1154.12,58627,29,15,Mumbai,Electronics,0,Debit,0
1096,883.46,66155,54,5,Pune,Travel,0,Credit,0
1097,1103.21,25372,45,93,Mumbai,Electronics,1,Debit,0
1098,933.0,3642,37,83,Hyderabad,Clothing,0,Debit,0
1099,3898.14,28001,56,54,Bangalore,Luxury,1,Credit,1
1100,1751.28,34064,41,51,Hyderabad,Groceries,0,Credit,0
1101,290.16,14122,38,10,Delhi,Electronics,0,Debit,0
1102,4845.54,24820,27,12,Hyderabad,Clothing,0,Debit,0
1103,4419.05,68431,63,118,Mumbai,Travel,0,Debit,0
1104,4638.83,55745,31,4,Hyderabad,Luxury,0,Credit,0
1105,4974.54,50081,54,95,Mumbai,Groceries,0,Credit,0
1106,870.3,70902,35,18,Delhi,Electronics,0,Debit,0
1107,1981.81,8711,41,80,Hyderabad,Travel,0,Credit,0
1108,3791.43,85132,31,104,Bangalore,Groceries,0,Debit,0
1109,3480.41,18793,51,36,Bangalore,Clothing,0,Debit,0
1110,770.33,8199,29,25,Bangalore,Clothing,0,Credit,0
1111,4079.35,76253,39,87,Hyderabad,Travel,0,Debit,0
1112,1122.98,36191,73,76,Hyderabad,Clothing,0,Debit,0
1113,1119.86,10211,23,98,Hyderabad,Luxury,0,Credit,0
1114,2685.34,63069,53,36,Mumbai,Travel,0,Debit,0
1115,2965.11,56746,62,101,Delhi,Clothing,0,Debit,0
1116,2900.85,21542,53,67,Bangalore,Electronics,0,Credit,0
1117,458.34,31312,39,9,Mumbai,Clothing,0,Debit,0
1118,4387.43,45242,31,61,Bangalore,Luxury,0,Debit,1
1119,1328.73,55388,33,53,Mumbai,Groceries,0,Credit,0
1120,648.45,27691,53,18,Hyderabad,Groceries,0,Credit,0
1121,4443.85,77960,73,43,Bangalore,Clothing,0,Credit,1
1122,4778.3,84388,42,35,Hyderabad,Groceries,0,Debit,0
1123,4310.78,22601,49,63,Bangalore,Clothing,0,Credit,0
1124,4047.77,18020,50,119,Pune,Luxury,0,Debit,0
1125,3276.55,8155,62,98,Mumbai,Groceries,0,Credit,0
1126,2754.74,69119,53,105,Pune,Electronics,0,Debit,0
1127,435.85,81051,37,78,Mumbai,Clothing,0,Debit,0
1128,2042.86,36777,35,4,Delhi,Groceries,0,Credit,0
1129,1864.07,19710,55,93,Bangalore,Luxury,0,Debit,0
1130,1299.51,24532,20,41,Delhi,Luxury,1,Debit,1
1131,3617.38,18601,40,45,Delhi,Electronics,1,Credit,1
1132,2479.88,63227,49,50,Mumbai,Luxury,0,Debit,0
1133,406.15,4967,62,79,Pune,Luxury,0,Debit,1
1134,1101.7,84289,33,28,Hyderabad,Groceries,0,Debit,0
1135,3416.61,20022,22,42,Mumbai,Clothing,0,Credit,0
1136,381.58,43463,21,80,Hyderabad,Travel,0,Credit,0
1137,4256.18,74671,38,76,Delhi,Luxury,1,Credit,1
1138,2476.24,5722,57,116,Hyderabad,Luxury,0,Credit,0
1139,2403.45,27413,68,69,Pune,Travel,0,Credit,0
1140,2962.45,81050,31,98,Mumbai,Luxury,0,Credit,0
1141,4123.58,85867,56,106,Pune,Groceries,0,Credit,0
1142,1739.7,83596,48,1,Pune,Groceries,1,Credit,1
1143,3390.4,66732,31,39,Mumbai,Travel,1,Debit,0
1144,2829.09,12297,23,96,Pune,Luxury,0,Debit,1
1145,1335.87,68323,29,90,Bangalore,Luxury,0,Debit,1
1146,4393.27,23816,33,17,Bangalore,Clothing,0,Debit,0
1147,3987.33,40695,34,112,Bangalore,Luxury,0,Credit,0
1148,3292.6,19702,62,91,Hyderabad,Groceries,0,Debit,0
1149,4253.06,25242,40,88,Pune,Electronics,0,Debit,1
1150,4336.6,55841,31,35,Mumbai,Electronics,0,Debit,0
1151,3542.11,67712,24,46,Mumbai,Electronics,0,Debit,0
1152,4185.23,85663,63,42,Hyderabad,Electronics,0,Debit,0
1153,3487.66,53574,49,118,Mumbai,Luxury,0,Credit,0
1154,3401.02,85744,32,39,Bangalore,Luxury,1,Credit,0
1155,3093.44,28482,61,90,Pune,Clothing,1,Debit,1
1156,3763.83,9171,34,49,Mumbai,Luxury,1,Debit,0
1157,793.87,3696,58,62,Mumbai,Electronics,0,Debit,0
1158,4404.47,20058,71,38,Delhi,Travel,0,Debit,0
1159,4359.35,20313,64,23,Delhi,Travel,0,Credit,1
1160,147.21,19149,61,22,Delhi,Groceries,0,Debit,0
1161,4129.26,53521,51,4,Pune,Groceries,0,Credit,1
1162,645.22,45740,22,49,Bangalore,Luxury,0,Debit,0
1163,1676.26,4956,62,59,Bangalore,Travel,0,Credit,0
1164,3717.8,75731,44,73,Bangalore,Electronics,1,Credit,1
1165,804.64,82612,69,68,Pune,Electronics,0,Credit,0
1166,4090.02,66641,40,71,Pune,Electronics,0,Debit,1
1167,4160.84,63811,57,87,Delhi,Luxury,0,Debit,0
1168,2537.83,52160,31,2,Mumbai,Luxury,0,Credit,0
1169,32.92,51313,32,49,Hyderabad,Clothing,1,Debit,0
1170,1435.9,63232,60,88,Hyderabad,Electronics,0,Debit,0
1171,3085.02,15417,50,104,Mumbai,Electronics,1,Credit,1
1172,4905.95,24729,70,119,Delhi,Luxury,0,Debit,0
1173,3159.44,30099,48,95,Mumbai,Luxury,0,Credit,1
1174,1299.76,29961,52,111,Mumbai,Clothing,0,Debit,0
1175,3170.39,12602,34,31,Hyderabad,Clothing,0,Debit,1
1176,2700.39,9256,45,111,Delhi,Groceries,0,Credit,0
1177,3899.45,86120,36,40,Pune,Travel,0,Credit,0
1178,535.8,34681,63,48,Hyderabad,Electronics,0,Credit,0
1179,3805.38,64789,71,51,Pune,Electronics,0,Credit,0
1180,2706.79,43361,40,43,Delhi,Clothing,0,Debit,0
1181,4815.0,64503,49,98,Mumbai,Clothing,1,Debit,1
1182,1710.02,34540,57,55,Bangalore,Groceries,0,Debit,0
1183,3163.48,26536,30,88,Bangalore,Travel,0,Credit,0
1184,4660.21,84700,37,49,Delhi,Groceries,0,Debit,0
1185,513.45,63043,52,90,Bangalore,Travel,1,Debit,0
1186,4686.21,78532,22,80,Pune,Electronics,1,Debit,0
1187,3439.74,56575,26,57,Bangalore,Groceries,0,Credit,0
1188,340.12,2871,46,111,Delhi,Clothing,0,Credit,0
1189,1505.52,46002,23,77,Delhi,Groceries,0,Debit,0
1190,3541.15,49812,42,15,Pune,Groceries,1,Debit,0
1191,337.69,22626,48,27,Bangalore,Electronics,1,Credit,0
1192,2911.27,59979,39,68,Bangalore,Clothing,1,Credit,0
1193,1730.07,76057,19,80,Mumbai,Clothing,0,Credit,0
1194,3104.96,66668,62,64,Hyderabad,Luxury,0,Credit,1
1195,229.66,80070,22,94,Delhi,Luxury,1,Debit,1
1196,4357.81,42998,44,108,Mumbai,Luxury,0,Credit,0
1197,4867.47,63814,42,30,Delhi,Electronics,0,Debit,0
1198,4844.42,45607,25,36,Mumbai,Groceries,0,Credit,1
1199,3748.51,7812,72,67,Hyderabad,Clothing,1,Debit,0
1200,651.3,61844,18,86,Mumbai,Clothing,0,Debit,0
1201,3791.56,70093,37,113,Delhi,Groceries,0,Credit,1
1202,123.91,2179,61,86,Bangalore,Clothing,0,Debit,0
1203,111.6,43798,40,114,Delhi,Groceries,0,Debit,0
1204,1618.73,74601,49,114,Pune,Electronics,0,Debit,0
1205,2443.73,8275,28,119,Pune,Electronics,0,Credit,0
1206,3852.27,50574,56,49,Pune,Electronics,0,Credit,0
1207,3416.79,47857,64,76,Pune,Groceries,0,Credit,1
1208,2230.07,20700,71,55,Hyderabad,Groceries,1,Debit,0
1209,1368.86,39464,41,85,Bangalore,Travel,0,Debit,0
1210,4985.63,42351,28,56,Bangalore,Clothing,0,Debit,0
1211,2131.48,82534,46,68,Delhi,Clothing,1,Debit,1
1212,2257.48,13869,71,95,Mumbai,Travel,0,Credit,0
1213,818.96,60315,43,44,Delhi,Travel,0,Debit,0
1214,3974.25,20954,33,31,Delhi,Electronics,0,Debit,0
1215,3468.72,31555,52,58,Delhi,Travel,0,Debit,0
1216,1104.63,63353,37,87,Delhi,Groceries,0,Credit,0
1217,412.82,82190,63,118,Bangalore,Luxury,0,Debit,1
1218,3402.82,45026,20,53,Mumbai,Groceries,0,Credit,0
1219,3272.9,46976,18,84,Delhi,Travel,0,Credit,0
1220,1367.02,80578,70,79,Bangalore,Clothing,0,Debit,0
1221,4754.37,45095,64,23,Delhi,Groceries,0,Debit,0
1222,756.14,14270,18,28,Pune,Clothing,0,Debit,0
1223,2162.24,30908,34,16,Delhi,Groceries,0,Debit,0
1224,4718.14,15523,19,37,Delhi,Clothing,0,Credit,0
1225,2099.22,62433,46,21,Hyderabad,Groceries,0,Credit,0
1226,3192.99,47068,37,79,Pune,Clothing,0,Credit,0
1227,1988.57,19991,23,17,Mumbai,Luxury,0,Credit,1
1228,1371.8,10775,25,114,Delhi,Electronics,1,Credit,0
1229,4919.9,77801,46,37,Mumbai,Groceries,1,Credit,0
1230,2047.26,84995,65,77,Pune,Luxury,0,Credit,1
1231,4470.6,61250,68,19,Delhi,Electronics,0,Credit,0
1232,1150.54,16673,50,30,Hyderabad,Groceries,0,Credit,0
1233,1066.31,27056,20,45,Bangalore,Luxury,1,Credit,1
1234,156.64,6614,52,18,Hyderabad,Luxury,0,Debit,0
1235,3258.68,7415,22,78,Hyderabad,Luxury,0,Debit,1
1236,1843.26,43884,44,62,Bangalore,Travel,0,Debit,0
1237,4321.93,16964,61,36,Bangalore,Clothing,0,Credit,1
1238,2366.58,37726,29,100,Bangalore,Electronics,1,Debit,1
1239,4841.0,37044,37,84,Delhi,Clothing,0,Credit,0
1240,928.44,57149,62,52,Mumbai,Clothing,0,Credit,0
1241,4343.25,37544,37,19,Mumbai,Clothing,0,Debit,0
1242,3883.21,49976,26,109,Bangalore,Luxury,0,Credit,1
1243,3854.84,32252,56,44,Hyderabad,Clothing,0,Debit,0
1244,4224.07,3832,21,7,Pune,Travel,0,Credit,0
1245,3805.36,80437,68,44,Bangalore,Groceries,0,Credit,0
1246,3131.48,34148,71,117,Hyderabad,Luxury,0,Debit,1
1247,657.09,61240,36,68,Hyderabad,Electronics,0,Debit,0
1248,163.6,85076,55,34,Delhi,Groceries,0,Debit,0
1249,4604.32,77116,44,66,Delhi,Groceries,0,Debit,0
1250,3083.63,53459,62,69,Mumbai,Groceries,0,Debit,0
1251,3982.89,38402,60,55,Mumbai,Clothing,0,Debit,0
1252,2408.13,57727,30,10,Pune,Clothing,0,Credit,0
1253,587.42,38578,30,96,Pune,Luxury,0,Credit,1
1254,626.8,22318,74,42,Pune,Clothing,0,Credit,0
1255,3428.14,75715,39,41,Pune,Clothing,0,Credit,0
1256,2152.1,77787,45,77,Hyderabad,Clothing,0,Debit,0
1257,1003.42,85029,69,103,Hyderabad,Luxury,0,Credit,0
1258,2458.48,20466,64,69,Mumbai,Luxury,0,Credit,0
1259,321.98,45475,70,10,Delhi,Travel,1,Debit,0
1260,2910.28,60142,62,10,Delhi,Travel,0,Credit,0
1261,1345.7,85160,39,102,Bangalore,Travel,1,Debit,0
1262,3988.0,26564,60,91,Hyderabad,Travel,0,Debit,0
1263,1552.5,22412,36,60,Pune,Groceries,0,Debit,0
1264,2276.65,51001,25,51,Pune,Groceries,0,Credit,0
1265,59.09,57649,69,21,Bangalore,Travel,0,Debit,0
1266,363.16,60957,25,8,Delhi,Travel,0,Credit,0
1267,1963.08,35517,59,65,Pune,Electronics,0,Credit,0
1268,2400.21,13156,43,92,Delhi,Groceries,0,Credit,0
1269,3000.5,23064,65,113,Bangalore,Electronics,0,Debit,0
1270,1459.02,25711,68,103,Delhi,Electronics,0,Debit,0
1271,3475.21,30106,43,78,Delhi,Clothing,0,Debit,0
1272,4300.75,65458,40,85,Delhi,Luxury,0,Credit,0
1273,3899.48,16589,60,30,Pune,Groceries,0,Credit,0
1274,199.05,7214,30,85,Mumbai,Travel,0,Debit,0
1275,2403.05,85731,45,49,Hyderabad,Travel,0,Credit,0
1276,525.55,27127,26,9,Delhi,Luxury,0,Debit,0
1277,1210.98,5141,37,17,Delhi,Groceries,0,Debit,0
1278,4933.33,28884,73,69,Delhi,Travel,0,Credit,0
1279,713.34,2708,36,58,Mumbai,Travel,0,Credit,0
1280,2494.94,18375,65,57,Bangalore,Clothing,0,Debit,0
1281,3091.16,15088,56,62,Pune,Electronics,1,Credit,0
1282,3512.62,57615,68,95,Mumbai,Travel,0,Debit,0
1283,2798.68,45046,29,52,Delhi,Groceries,0,Debit,0
1284,49.84,10014,32,61,Mumbai,Luxury,0,Credit,0
1285,1632.98,64425,48,40,Mumbai,Clothing,0,Debit,0
1286,2589.04,3273,72,38,Mumbai,Groceries,0,Credit,0
1287,440.24,47135,31,43,Bangalore,Clothing,0,Debit,0
1288,1753.78,30881,28,63,Hyderabad,Electronics,0,Credit,0
1289,166.98,78077,43,19,Pune,Travel,1,Credit,0
1290,393.81,8712,59,100,Bangalore,Groceries,0,Debit,0
1291,1985.22,74704,44,50,Bangalore,Luxury,0,Credit,0
1292,664.45,52874,28,33,Hyderabad,Electronics,0,Credit,0
1293,2838.14,69087,55,13,Bangalore,Electronics,0,Debit,0
1294,3447.64,12297,51,78,Mumbai,Clothing,0,Credit,1
1295,4003.13,27128,60,97,Mumbai,Electronics,0,Debit,1
1296,1001.55,68368,36,62,Delhi,Groceries,0,Credit,0
1297,838.25,78958,23,93,Bangalore,Clothing,0,Debit,0
1298,523.73,32920,63,43,Delhi,Electronics,0,Debit,0
1299,3182.51,11156,69,49,Pune,Luxury,0,Debit,1
1300,3532.67,11108,55,36,Mumbai,Groceries,0,Debit,0
1301,158.9,31845,66,108,Pune,Luxury,1,Credit,0
1302,4681.13,2800,59,10,Hyderabad,Luxury,0,Debit,0
1303,260.8,42712,45,95,Mumbai,Clothing,0,Credit,0
1304,2706.94,2610,18,6,Pune,Travel,0,Debit,0
1305,3545.59,77603,52,57,Hyderabad,Clothing,0,Credit,1
1306,4354.97,33872,57,1,Pune,Groceries,0,Debit,0
1307,3570.72,10728,25,71,Hyderabad,Groceries,1,Credit,1
1308,4008.84,20583,69,58,Hyderabad,Clothing,0,Credit,0
1309,1697.91,85774,71,91,Mumbai,Travel,1,Debit,0
1310,4074.31,7263,64,21,Delhi,Clothing,0,Debit,0
1311,401.49,67450,73,92,Hyderabad,Groceries,0,Debit,0
1312,4474.19,19456,24,80,Hyderabad,Travel,0,Credit,0
1313,2738.41,65942,28,56,Mumbai,Groceries,0,Credit,0
1314,4086.67,13689,56,110,Delhi,Travel,0,Credit,0
1315,2262.14,32934,21,87,Bangalore,Travel,0,Credit,0
1316,3218.24,33276,42,116,Bangalore,Clothing,0,Debit,0
1317,2632.49,19873,29,20,Delhi,Clothing,1,Debit,1
1318,3658.22,13050,43,102,Pune,Clothing,0,Debit,0
1319,409.07,66216,55,54,Mumbai,Travel,0,Debit,0
1320,302.7,84444,63,25,Delhi,Travel,0,Credit,0
1321,1236.27,84040,29,28,Bangalore,Groceries,0,Credit,0
1322,798.56,21644,60,5,Hyderabad,Luxury,0,Debit,0
1323,4359.05,62021,68,21,Bangalore,Clothing,1,Credit,0
1324,1096.85,37125,70,18,Hyderabad,Groceries,0,Debit,0
1325,4879.35,66899,54,47,Mumbai,Groceries,0,Credit,0
1326,1685.14,42291,63,70,Hyderabad,Electronics,0,Credit,0
1327,911.41,35060,70,57,Delhi,Clothing,0,Credit,0
1328,3948.7,1538,41,93,Hyderabad,Groceries,0,Credit,0
1329,3293.88,36176,33,19,Pune,Electronics,0,Credit,0
1330,2491.48,41520,74,97,Delhi,Clothing,0,Credit,0
1331,2777.26,25675,30,65,Mumbai,Travel,0,Debit,0
1332,3596.29,18287,42,109,Delhi,Electronics,0,Credit,1
1333,1143.05,174,71,3,Pune,Travel,0,Debit,0
1334,4981.67,34998,71,42,Mumbai,Luxury,0,Debit,1
1335,4873.99,53312,74,21,Bangalore,Luxury,0,Debit,1
1336,3251.98,12112,69,99,Pune,Luxury,0,Debit,0
1337,998.51,75225,71,105,Mumbai,Luxury,0,Debit,0
1338,3401.46,44814,21,40,Hyderabad,Groceries,0,Debit,0
1339,361.92,85091,28,67,Delhi,Luxury,0,Credit,0
1340,154.23,50719,49,25,Mumbai,Groceries,0,Credit,0
1341,1289.16,33919,66,109,Delhi,Groceries,0,Credit,0
1342,2313.65,73155,24,102,Hyderabad,Clothing,0,Debit,0
1343,4341.49,71569,63,109,Mumbai,Groceries,0,Debit,0
1344,3636.12,41328,28,55,Bangalore,Groceries,0,Debit,1
1345,3713.79,70482,45,84,Pune,Luxury,0,Credit,0
1346,2128.04,24618,71,52,Mumbai,Groceries,1,Credit,1
1347,1730.33,34675,58,44,Hyderabad,Travel,0,Credit,0
1348,1855.82,18919,40,109,Mumbai,Luxury,0,Debit,1
1349,4938.26,4173,62,98,Delhi,Electronics,0,Debit,1
1350,201.51,26400,40,85,Mumbai,Luxury,0,Debit,0
1351,4335.29,50445,67,56,Bangalore,Groceries,0,Credit,0
1352,2893.8,70305,45,55,Mumbai,Travel,1,Debit,0
1353,2193.64,37564,60,112,Pune,Luxury,0,Debit,0
1354,3626.56,45814,64,87,Mumbai,Travel,1,Debit,1
1355,2433.86,79747,74,70,Delhi,Electronics,0,Debit,0
1356,4367.24,27962,43,115,Mumbai,Electronics,0,Credit,0
1357,4503.61,84892,42,117,Bangalore,Clothing,0,Credit,0
1358,2109.18,85842,71,77,Hyderabad,Clothing,0,Debit,0
1359,1384.86,70533,46,113,Mumbai,Luxury,0,Debit,0
1360,2962.16,56184,36,87,Mumbai,Clothing,0,Credit,0
1361,4561.9,82912,50,73,Pune,Travel,0,Credit,0
1362,1054.1,10578,53,81,Bangalore,Clothing,0,Debit,0
1363,3115.21,18624,31,66,Hyderabad,Travel,0,Credit,0
1364,3158.17,39194,31,19,Delhi,Clothing,0,Credit,1
1365,3665.83,389,52,83,Mumbai,Clothing,0,Debit,0
1366,658.71,67391,47,7,Hyderabad,Clothing,0,Credit,0
1367,3579.41,13794,45,118,Delhi,Groceries,0,Credit,0
1368,4545.25,58002,34,63,Bangalore,Groceries,0,Credit,1
1369,899.24,35531,20,42,Bangalore,Clothing,1,Credit,0
1370,1188.48,52815,33,42,Hyderabad,Travel,0,Debit,0
1371,4857.0,4986,63,59,Delhi,Luxury,0,Credit,0
1372,905.7,32298,47,20,Bangalore,Electronics,0,Credit,0
1373,4272.07,1481,69,73,Hyderabad,Groceries,1,Debit,0
1374,2461.9,56408,46,17,Bangalore,Clothing,0,Credit,0
1375,1236.91,69267,62,27,Bangalore,Electronics,0,Debit,0
1376,4353.88,16835,32,47,Bangalore,Groceries,0,Debit,0
1377,2227.08,27798,63,2,Pune,Luxury,0,Credit,1
1378,2574.57,64887,73,63,Delhi,Travel,0,Credit,0
1379,1796.81,19477,42,62,Hyderabad,Clothing,0,Credit,0
1380,2965.16,17266,68,100,Hyderabad,Luxury,0,Credit,1
1381,818.46,86328,55,19,Delhi,Groceries,1,Credit,1
1382,1956.02,85988,59,17,Delhi,Clothing,0,Debit,0
1383,4847.09,43526,64,69,Delhi,Electronics,0,Credit,0
1384,1291.41,11889,70,39,Delhi,Travel,0,Debit,0
1385,3284.03,24335,71,82,Mumbai,Groceries,0,Credit,0
1386,1626.63,11254,69,117,Hyderabad,Travel,0,Debit,0
1387,3867.59,11442,55,118,Mumbai,Clothing,0,Credit,0
1388,655.24,46289,40,71,Bangalore,Luxury,0,Credit,0
1389,4849.14,53747,42,81,Bangalore,Travel,0,Credit,0
1390,2269.49,37327,59,39,Hyderabad,Electronics,0,Credit,0
1391,1181.02,16199,24,36,Bangalore,Groceries,1,Credit,1
1392,368.41,72827,39,40,Delhi,Electronics,0,Debit,0
1393,849.62,112,34,45,Mumbai,Travel,0,Credit,0
1394,2599.35,19581,35,4,Delhi,Luxury,0,Credit,1
1395,1685.68,59722,66,102,Bangalore,Luxury,0,Credit,0
1396,4144.59,16523,58,25,Mumbai,Electronics,0,Debit,0
1397,2155.01,66960,27,69,Delhi,Clothing,0,Credit,0
1398,1244.32,19552,27,30,Hyderabad,Clothing,0,Debit,0
1399,3086.11,10808,74,76,Delhi,Luxury,0,Credit,0
1400,3534.18,72525,24,68,Bangalore,Electronics,0,Debit,0
1401,836.04,23620,65,88,Mumbai,Electronics,0,Credit,0
1402,838.93,887,67,29,Hyderabad,Electronics,0,Credit,0
1403,184.32,31802,55,73,Mumbai,Travel,0,Debit,0
1404,3682.27,85024,44,68,Hyderabad,Clothing,1,Credit,1
1405,3319.36,81938,69,51,Mumbai,Clothing,0,Debit,0
1406,2373.68,26049,50,24,Bangalore,Travel,0,Credit,0
1407,4221.01,77789,18,14,Hyderabad,Groceries,1,Credit,1
1408,4028.55,84526,61,69,Pune,Travel,0,Debit,0
1409,2927.19,7846,70,18,Mumbai,Electronics,0,Credit,0
1410,4341.49,46220,51,42,Mumbai,Travel,0,Debit,0
1411,1030.0,46163,21,57,Delhi,Electronics,0,Debit,0
1412,560.49,3765,34,83,Hyderabad,Luxury,0,Credit,0
1413,1349.48,81486,21,12,Pune,Electronics,1,Credit,0
1414,286.38,45270,60,82,Bangalore,Clothing,0,Credit,0
1415,2656.32,75277,71,17,Delhi,Travel,0,Debit,0
1416,4683.09,22931,43,30,Pune,Electronics,0,Debit,0
1417,197.68,55633,21,88,Hyderabad,Groceries,1,Credit,0
1418,611.43,80702,18,75,Pune,Luxury,0,Debit,0
1419,2261.54,51913,24,99,Mumbai,Groceries,0,Debit,0
1420,4669.44,25991,47,23,Mumbai,Groceries,0,Debit,0
1421,1581.46,54845,67,81,Delhi,Groceries,0,Debit,0
1422,2536.67,55312,26,1,Hyderabad,Luxury,1,Credit,1
1423,208.82,10561,52,79,Hyderabad,Luxury,0,Credit,0
1424,742.57,16901,25,32,Pune,Luxury,0,Credit,1
1425,4933.16,62875,41,9,Delhi,Luxury,0,Debit,0
1426,4825.63,25917,36,15,Hyderabad,Groceries,0,Debit,0
1427,25.69,62120,53,28,Mumbai,Clothing,0,Debit,0
1428,4759.11,1988,67,24,Pune,Clothing,0,Debit,1
1429,3195.96,14256,69,60,Bangalore,Luxury,0,Credit,0
1430,4339.72,28230,60,35,Mumbai,Travel,0,Debit,0
1431,2274.24,59778,44,86,Delhi,Electronics,1,Debit,0
1432,2578.46,45833,49,27,Hyderabad,Travel,0,Credit,0
1433,2444.74,22625,31,83,Mumbai,Travel,1,Credit,1
1434,3334.65,32088,74,109,Bangalore,Travel,0,Credit,0
1435,699.12,79650,35,76,Bangalore,Clothing,0,Debit,0
1436,150.84,41167,45,20,Delhi,Electronics,0,Debit,0
1437,1540.34,71291,46,65,Mumbai,Travel,0,Debit,0
1438,3523.7,65303,33,85,Pune,Luxury,0,Debit,1
1439,1010.07,76361,52,49,Mumbai,Clothing,0,Debit,0
1440,3367.49,4117,64,109,Bangalore,Luxury,0,Debit,0
1441,4849.59,60710,48,1,Delhi,Luxury,1,Credit,1
1442,470.41,67054,21,10,Delhi,Travel,0,Debit,0
1443,3363.34,30949,54,47,Pune,Luxury,0,Credit,0
1444,2219.31,22547,34,59,Delhi,Electronics,0,Credit,0
1445,4340.84,81882,56,96,Delhi,Luxury,0,Credit,1
1446,886.57,68136,65,62,Delhi,Travel,0,Debit,0
1447,3463.44,64619,63,103,Delhi,Luxury,0,Debit,0
1448,4190.74,61842,43,86,Delhi,Clothing,0,Credit,0
1449,4723.13,26990,65,18,Bangalore,Clothing,0,Debit,0
1450,3416.56,16193,56,112,Mumbai,Clothing,0,Debit,0
1451,2486.38,30109,58,46,Hyderabad,Groceries,0,Credit,0
1452,3089.62,19233,21,32,Delhi,Clothing,0,Debit,0
1453,4344.66,81730,47,27,Hyderabad,Clothing,0,Debit,0
1454,2853.48,34510,47,92,Hyderabad,Groceries,1,Debit,0
1455,152.9,1306,39,18,Bangalore,Clothing,1,Debit,1
1456,4654.81,3849,28,39,Delhi,Travel,0,Credit,0
1457,3447.94,12360,19,49,Hyderabad,Clothing,0,Credit,0
1458,3382.89,45800,61,93,Delhi,Clothing,0,Debit,0
1459,1079.16,36963,29,82,Pune,Groceries,1,Debit,0
1460,3294.77,54330,47,44,Pune,Travel,0,Debit,0
1461,1969.93,51707,53,72,Pune,Luxury,0,Credit,0
1462,3256.51,18689,35,54,Hyderabad,Electronics,1,Debit,1
1463,533.86,29084,43,95,Pune,Travel,0,Debit,0
1464,3289.57,40387,70,34,Bangalore,Luxury,0,Credit,1
1465,4997.07,74816,24,71,Bangalore,Travel,1,Debit,1
1466,242.01,2642,18,36,Hyderabad,Luxury,0,Credit,1
1467,4885.89,42137,43,18,Delhi,Luxury,1,Debit,0
1468,2035.13,79832,40,38,Mumbai,Travel,0,Credit,0
1469,4353.9,55561,43,59,Delhi,Groceries,1,Debit,0
1470,3912.15,62260,62,9,Delhi,Travel,0,Debit,0
1471,2835.51,15438,23,73,Delhi,Travel,1,Credit,0
1472,3692.51,48442,23,110,Delhi,Luxury,0,Credit,1
1473,4392.7,2994,61,72,Mumbai,Electronics,0,Credit,0
1474,2021.3,1813,25,51,Pune,Luxury,0,Credit,0
1475,1635.84,84381,41,35,Delhi,Clothing,0,Credit,0
1476,3338.3,55276,39,82,Bangalore,Travel,0,Debit,0
1477,4039.42,41243,36,5,Hyderabad,Travel,0,Credit,1
1478,3811.66,62912,54,14,Hyderabad,Groceries,0,Credit,0
1479,3989.27,60272,35,92,Bangalore,Luxury,0,Credit,1
1480,2178.48,42051,48,30,Delhi,Groceries,0,Credit,0
1481,4089.35,78854,54,4,Mumbai,Travel,1,Debit,1
1482,601.93,82736,47,39,Pune,Luxury,0,Debit,0
1483,2722.9,65618,74,84,Hyderabad,Luxury,0,Debit,0
1484,29.79,1920,59,64,Pune,Clothing,0,Debit,0
1485,1623.6,77219,50,25,Mumbai,Clothing,0,Debit,0
1486,1832.94,76872,27,28,Hyderabad,Electronics,0,Credit,0
1487,1981.47,81132,54,76,Pune,Clothing,0,Debit,0
1488,3477.64,2093,29,66,Mumbai,Luxury,1,Debit,0
1489,1943.4,12905,71,107,Pune,Clothing,0,Credit,0
1490,2244.02,24351,47,78,Delhi,Electronics,0,Credit,0
1491,1188.48,30981,44,22,Mumbai,Travel,0,Debit,0
1492,1866.89,73903,56,31,Pune,Clothing,0,Debit,0
1493,1137.12,70821,26,23,Delhi,Luxury,0,Credit,0
1494,366.91,82289,71,48,Delhi,Travel,0,Debit,0
1495,3017.64,84021,38,20,Mumbai,Luxury,0,Credit,1
1496,3341.4,78513,29,38,Bangalore,Travel,0,Credit,0
1497,3097.83,19874,72,55,Hyderabad,Luxury,0,Debit,0
1498,2318.01,50931,46,68,Mumbai,Clothing,1,Debit,0
1499,1899.55,7674,50,79,Delhi,Clothing,0,Debit,0
1500,4316.8,50516,60,88,Delhi,Electronics,0,Credit,0
1501,2595.89,60686,70,89,Mumbai,Travel,0,Credit,0
1502,2396.43,69212,32,1,Bangalore,Electronics,0,Debit,0
1503,129.18,2426,19,7,Hyderabad,Groceries,1,Debit,0
1504,1706.9,68498,69,57,Pune,Clothing,0,Debit,0
1505,1901.6,29943,56,95,Mumbai,Travel,0,Credit,0
1506,1994.72,66395,70,12,Hyderabad,Electronics,1,Credit,0
1507,2901.28,44816,61,106,Hyderabad,Electronics,0,Credit,0
1508,2668.48,4138,71,5,Delhi,Groceries,0,Debit,0
1509,3039.92,75945,35,108,Pune,Electronics,0,Credit,1
1510,3824.65,4017,20,50,Mumbai,Luxury,0,Credit,0
1511,4065.12,10451,24,42,Delhi,Clothing,0,Debit,1
1512,3590.9,62956,60,102,Delhi,Electronics,0,Credit,0
1513,4777.66,10278,35,12,Bangalore,Electronics,0,Debit,0
1514,92.14,43764,61,103,Hyderabad,Groceries,0,Credit,0
1515,979.69,1134,55,18,Mumbai,Luxury,0,Debit,0
1516,38.81,62943,54,66,Mumbai,Electronics,0,Debit,0
1517,3237.73,54318,50,74,Mumbai,Clothing,0,Credit,1
1518,4490.25,60128,61,79,Delhi,Clothing,0,Debit,0
1519,1218.17,21869,48,94,Bangalore,Electronics,1,Credit,0
1520,4635.25,5039,28,108,Pune,Luxury,1,Debit,1
1521,302.28,21281,21,17,Delhi,Clothing,1,Debit,0
1522,4672.25,10442,35,68,Pune,Clothing,1,Debit,0
1523,1758.76,73788,21,71,Bangalore,Luxury,0,Credit,0
1524,508.0,27586,66,62,Hyderabad,Luxury,0,Debit,0
1525,2429.87,53053,51,41,Mumbai,Electronics,0,Debit,0
1526,1284.63,50489,46,95,Pune,Travel,0,Credit,0
1527,1425.08,83104,41,115,Delhi,Groceries,0,Debit,0
1528,1537.14,86346,39,119,Pune,Travel,0,Debit,0
1529,4015.33,67087,19,103,Hyderabad,Travel,0,Debit,1
1530,2696.27,12625,61,119,Mumbai,Clothing,1,Debit,0
1531,1557.23,34397,23,34,Pune,Luxury,0,Credit,0
1532,3052.06,58671,59,70,Hyderabad,Clothing,0,Debit,0
1533,3581.04,66897,42,114,Delhi,Groceries,1,Debit,0
1534,1363.85,26149,72,102,Bangalore,Electronics,0,Credit,0
1535,2068.33,60030,74,45,Delhi,Groceries,0,Debit,0
1536,610.31,69906,38,58,Mumbai,Clothing,0,Debit,0
1537,906.57,5283,72,51,Delhi,Clothing,0,Credit,0
1538,3405.91,7610,33,34,Delhi,Clothing,0,Credit,0
1539,908.01,43326,48,44,Delhi,Clothing,0,Credit,0
1540,2626.29,14924,31,15,Delhi,Travel,0,Credit,0
1541,3545.52,76162,56,78,Mumbai,Electronics,0,Debit,0
1542,535.28,869,45,70,Hyderabad,Travel,1,Credit,0
1543,2836.99,1014,49,50,Pune,Clothing,1,Debit,0
1544,1283.56,10103,45,101,Bangalore,Luxury,0,Credit,0
1545,4814.67,82522,68,114,Pune,Travel,0,Debit,0
1546,2418.24,33458,72,32,Pune,Clothing,1,Credit,0
1547,4030.16,82409,66,67,Bangalore,Clothing,1,Credit,1
1548,2751.58,23248,26,3,Mumbai,Electronics,1,Debit,0
1549,218.02,43516,62,86,Bangalore,Groceries,1,Credit,0
1550,3166.12,29061,39,86,Mumbai,Travel,0,Credit,0
1551,4757.07,24170,49,74,Pune,Travel,0,Credit,0
1552,3008.46,8024,22,51,Mumbai,Travel,0,Debit,1
1553,4096.13,82214,40,67,Hyderabad,Clothing,0,Credit,0
1554,4421.15,85947,22,76,Bangalore,Electronics,0,Credit,0
1555,1141.17,43803,59,93,Hyderabad,Clothing,0,Debit,0
1556,1061.01,19296,70,48,Pune,Clothing,0,Debit,0
1557,3055.29,18257,49,17,Bangalore,Luxury,0,Credit,0
1558,2055.73,12855,27,7,Pune,Electronics,0,Debit,0
1559,4199.47,85178,56,13,Hyderabad,Travel,0,Debit,1
1560,4500.22,20025,32,66,Pune,Groceries,0,Debit,0
1561,1767.75,4458,24,4,Bangalore,Travel,0,Credit,0
1562,1185.12,63610,46,10,Bangalore,Clothing,0,Credit,0
1563,3902.85,70843,64,103,Pune,Electronics,1,Debit,0
1564,1374.76,83961,20,88,Bangalore,Electronics,0,Credit,0
1565,4113.25,49831,36,17,Bangalore,Electronics,0,Debit,0
1566,2119.27,43427,27,52,Pune,Luxury,0,Credit,1
1567,3338.08,38506,45,6,Hyderabad,Travel,0,Debit,0
1568,478.58,5668,46,83,Bangalore,Luxury,0,Credit,1
1569,3119.67,47195,32,69,Bangalore,Groceries,0,Debit,0
1570,2259.39,73233,52,96,Bangalore,Clothing,0,Credit,0
1571,2933.46,24417,23,74,Bangalore,Luxury,0,Credit,0
1572,840.9,81982,29,9,Pune,Luxury,0,Debit,0
1573,3684.63,10751,64,91,Hyderabad,Clothing,1,Credit,1
1574,4314.12,46218,55,77,Hyderabad,Electronics,0,Credit,0
1575,1084.48,7352,30,83,Mumbai,Clothing,0,Credit,0
1576,479.48,79052,46,21,Bangalore,Travel,0,Credit,0
1577,119.17,28927,36,24,Bangalore,Clothing,0,Credit,0
1578,3210.22,41094,20,102,Mumbai,Electronics,0,Credit,0
1579,3035.86,54122,25,4,Hyderabad,Clothing,0,Credit,1
1580,2733.94,29493,25,24,Delhi,Luxury,0,Credit,0
1581,1160.5,73539,72,59,Delhi,Groceries,0,Debit,0
1582,1955.14,31707,37,99,Hyderabad,Luxury,0,Credit,0
1583,2972.79,68814,64,3,Bangalore,Groceries,0,Debit,0
1584,2484.34,7296,21,68,Delhi,Clothing,0,Credit,0
1585,4938.94,25398,68,101,Pune,Travel,0,Debit,0
1586,683.06,35842,38,40,Pune,Clothing,0,Credit,0
1587,3476.03,13261,20,48,Mumbai,Electronics,0,Debit,0
1588,2022.19,76709,62,54,Hyderabad,Clothing,0,Debit,0
1589,2141.57,56704,25,35,Hyderabad,Groceries,0,Credit,0
1590,3588.27,67173,40,95,Delhi,Luxury,0,Debit,1
1591,3462.49,31781,33,56,Bangalore,Travel,0,Credit,0
1592,4956.29,13652,30,108,Hyderabad,Clothing,0,Credit,0
1593,642.84,5103,20,89,Delhi,Clothing,1,Debit,0
1594,521.44,25500,65,40,Delhi,Luxury,0,Credit,1
1595,3621.97,35529,26,77,Hyderabad,Travel,0,Debit,0
1596,2892.36,18452,31,68,Delhi,Clothing,0,Debit,0
1597,1371.53,49393,30,46,Mumbai,Clothing,0,Credit,0
1598,398.02,31174,70,78,Mumbai,Groceries,0,Credit,0
1599,429.21,64450,74,13,Hyderabad,Groceries,0,Credit,0
1600,4471.06,35436,24,27,Bangalore,Electronics,0,Credit,0
1601,960.14,47406,32,6,Mumbai,Luxury,1,Credit,1
1602,1617.53,63059,24,17,Mumbai,Travel,1,Debit,1
1603,1134.06,15954,55,36,Hyderabad,Clothing,0,Debit,0
1604,1775.63,82722,51,104,Pune,Clothing,0,Credit,0
1605,348.05,12356,58,113,Delhi,Electronics,0,Credit,0
1606,2595.78,2187,39,99,Mumbai,Clothing,0,Credit,0
1607,339.0,77243,41,81,Pune,Luxury,0,Debit,1
1608,4001.98,35098,66,105,Bangalore,Electronics,1,Debit,0
1609,1169.33,21225,54,2,Pune,Luxury,0,Debit,0
1610,2700.52,3606,61,77,Hyderabad,Electronics,1,Credit,0
1611,4400.52,57620,18,52,Bangalore,Clothing,0,Credit,1
1612,3254.74,32828,27,66,Bangalore,Electronics,1,Debit,0
1613,2665.26,26489,60,52,Pune,Groceries,0,Credit,0
1614,1622.34,14387,33,92,Hyderabad,Travel,0,Credit,0
1615,1665.68,69463,63,43,Mumbai,Clothing,0,Debit,0
1616,3347.77,71832,25,90,Pune,Travel,0,Debit,0
1617,4970.7,2591,73,22,Mumbai,Clothing,0,Credit,1
1618,3309.53,48516,66,111,Pune,Travel,0,Debit,0
1619,2789.36,62061,42,107,Mumbai,Groceries,0,Credit,0
1620,3653.52,66736,67,55,Pune,Travel,0,Debit,0
1621,2326.56,81257,29,67,Bangalore,Electronics,1,Debit,0
1622,301.65,61753,42,99,Delhi,Travel,1,Credit,1
1623,2811.92,84774,34,60,Bangalore,Clothing,0,Credit,0
1624,4788.17,11087,43,58,Mumbai,Luxury,0,Debit,0
1625,877.34,30816,63,12,Hyderabad,Travel,0,Credit,0
1626,3450.33,23408,65,88,Bangalore,Travel,0,Debit,1
1627,1005.47,136,31,69,Delhi,Travel,0,Credit,0
1628,2679.6,17413,58,84,Mumbai,Clothing,0,Debit,0
1629,484.29,59500,53,103,Bangalore,Travel,0,Debit,0
1630,2252.4,84514,74,39,Pune,Clothing,1,Debit,0
1631,3781.06,56358,40,13,Hyderabad,Clothing,0,Credit,0
1632,1738.51,66197,60,41,Mumbai,Luxury,0,Debit,0
1633,3324.89,32854,23,57,Bangalore,Electronics,0,Debit,0
1634,3977.45,76240,64,53,Mumbai,Clothing,0,Debit,0
1635,4635.96,16322,22,109,Pune,Groceries,0,Debit,0
1636,1173.98,6968,60,12,Delhi,Travel,0,Credit,0
1637,1997.18,27518,42,13,Bangalore,Groceries,0,Credit,0
1638,762.93,51925,35,74,Mumbai,Travel,0,Debit,0
1639,4962.43,59848,30,97,Mumbai,Luxury,0,Debit,1
1640,4635.08,1700,60,57,Mumbai,Clothing,0,Credit,0
1641,2700.25,23199,31,40,Delhi,Electronics,0,Debit,0
1642,4210.32,44589,45,118,Mumbai,Clothing,0,Credit,0
1643,2605.27,32115,35,80,Hyderabad,Travel,0,Debit,0
1644,3118.3,61934,74,45,Hyderabad,Electronics,0,Credit,1
1645,446.53,54316,45,35,Mumbai,Clothing,0,Debit,0
1646,3776.6,5520,68,3,Hyderabad,Electronics,1,Credit,1
1647,639.44,36455,73,5,Bangalore,Travel,0,Credit,0
1648,4130.51,41605,44,90,Hyderabad,Luxury,0,Credit,0
1649,3910.36,14955,49,11,Mumbai,Luxury,0,Debit,1
1650,3544.01,44049,64,71,Pune,Clothing,0,Credit,0
1651,181.77,13917,26,117,Bangalore,Groceries,0,Credit,0
1652,1516.34,70293,57,56,Delhi,Travel,0,Debit,0
1653,1316.3,78581,49,10,Mumbai,Clothing,0,Debit,0
1654,1801.32,64925,37,106,Delhi,Clothing,0,Debit,0
1655,439.13,70269,45,116,Pune,Luxury,0,Debit,1
1656,4684.85,30954,50,34,Delhi,Electronics,0,Credit,0
1657,2769.46,72617,21,67,Mumbai,Travel,0,Debit,0
1658,1528.32,41458,63,72,Mumbai,Electronics,0,Debit,0
1659,1985.51,21113,74,31,Pune,Travel,0,Debit,0
1660,2236.57,43939,51,75,Mumbai,Groceries,0,Debit,0
1661,3003.37,29345,65,109,Pune,Luxury,0,Debit,0
1662,2578.88,46313,20,71,Pune,Groceries,0,Debit,0
1663,4597.04,69166,43,109,Mumbai,Clothing,0,Debit,0
1664,2485.32,47861,25,66,Hyderabad,Luxury,0,Credit,1
1665,4960.8,49298,23,70,Pune,Clothing,0,Credit,0
1666,4257.27,47221,33,41,Mumbai,Groceries,0,Credit,0
1667,1043.34,44942,41,63,Hyderabad,Travel,0,Credit,0
1668,4653.05,3453,65,32,Pune,Clothing,0,Credit,0
1669,582.72,54935,56,20,Hyderabad,Electronics,0,Debit,0
1670,4087.43,43370,47,57,Bangalore,Travel,0,Debit,1
1671,1903.74,8328,62,98,Bangalore,Travel,0,Debit,0
1672,4389.99,15534,30,50,Hyderabad,Groceries,0,Debit,0
1673,4340.42,85280,22,80,Pune,Groceries,0,Credit,0
1674,4029.82,84925,42,25,Mumbai,Luxury,0,Credit,0
1675,3950.36,36320,37,12,Delhi,Luxury,0,Debit,0
1676,1524.09,49170,71,71,Mumbai,Electronics,0,Debit,0
1677,405.52,80201,35,39,Delhi,Travel,0,Credit,0
1678,2015.5,8640,64,17,Delhi,Electronics,0,Credit,0
1679,868.45,30049,35,45,Pune,Electronics,0,Credit,0
1680,3475.06,5618,19,11,Hyderabad,Groceries,0,Debit,0
1681,1731.15,56053,27,70,Mumbai,Electronics,1,Debit,0
1682,4878.08,1920,72,23,Hyderabad,Electronics,0,Credit,1
1683,3205.22,43937,62,91,Bangalore,Clothing,0,Credit,0
1684,4112.58,69724,67,110,Pune,Luxury,0,Debit,1
1685,663.49,12207,64,70,Pune,Luxury,0,Debit,1
1686,4310.21,65774,29,38,Bangalore,Travel,0,Debit,0
1687,4613.86,32972,64,2,Mumbai,Luxury,1,Debit,1
1688,2435.82,10799,30,86,Bangalore,Travel,0,Credit,0
1689,3031.66,71088,67,84,Mumbai,Clothing,0,Credit,1
1690,3824.28,28916,64,89,Delhi,Luxury,0,Credit,0
1691,875.02,70463,74,79,Pune,Clothing,1,Debit,0
1692,2513.33,76700,72,113,Mumbai,Luxury,0,Debit,0
1693,1993.92,37158,28,93,Hyderabad,Luxury,0,Debit,0
1694,732.72,84607,36,72,Hyderabad,Clothing,0,Credit,0
1695,1838.3,71696,52,37,Pune,Electronics,0,Credit,0
1696,341.79,61510,56,49,Bangalore,Electronics,0,Credit,0
1697,130.03,58692,70,52,Bangalore,Electronics,0,Debit,0
1698,676.7,61744,43,33,Mumbai,Electronics,0,Debit,0
1699,4815.61,15810,63,22,Bangalore,Luxury,0,Credit,0
1700,2748.1,5126,31,114,Pune,Groceries,0,Debit,0
1701,4829.14,30009,71,111,Mumbai,Clothing,0,Credit,0
1702,2163.06,192,62,5,Delhi,Groceries,0,Credit,0
1703,1559.77,36413,61,103,Bangalore,Groceries,1,Credit,0
1704,2531.2,12816,41,18,Bangalore,Travel,0,Credit,0
1705,2198.12,39082,58,38,Mumbai,Electronics,1,Debit,0
1706,529.22,65048,18,118,Hyderabad,Luxury,1,Debit,1
1707,3204.49,50940,68,117,Bangalore,Electronics,0,Debit,1
1708,1080.97,32130,60,37,Pune,Electronics,0,Debit,0
1709,3098.32,40142,72,94,Bangalore,Groceries,0,Debit,0
1710,3251.36,36468,39,115,Delhi,Travel,0,Debit,0
1711,760.97,30698,40,95,Bangalore,Electronics,0,Credit,0
1712,307.69,10655,73,64,Hyderabad,Clothing,0,Debit,0
1713,3904.03,47897,71,10,Bangalore,Clothing,0,Debit,1
1714,2299.54,30075,36,79,Mumbai,Electronics,0,Debit,0
1715,291.76,9359,35,42,Bangalore,Groceries,0,Credit,0
1716,4974.34,42056,29,48,Hyderabad,Groceries,1,Debit,1
1717,289.85,51831,72,44,Mumbai,Luxury,0,Credit,0
1718,3475.48,59191,45,82,Pune,Travel,1,Debit,1
1719,4918.41,33272,45,87,Mumbai,Groceries,0,Debit,0
1720,1196.66,14671,50,97,Delhi,Luxury,1,Debit,0
1721,712.1,27048,36,16,Mumbai,Clothing,0,Credit,0
1722,607.8,76274,45,54,Pune,Clothing,0,Credit,0
1723,1517.07,25963,69,102,Bangalore,Clothing,0,Debit,0
1724,506.13,43954,66,35,Mumbai,Electronics,0,Debit,0
1725,3461.11,72309,54,98,Mumbai,Travel,1,Debit,0
1726,312.4,717,43,28,Mumbai,Luxury,0,Credit,0
1727,2547.6,11676,52,2,Mumbai,Travel,1,Credit,1
1728,4983.49,4434,51,94,Pune,Electronics,0,Debit,1
1729,4070.04,49810,52,13,Hyderabad,Luxury,0,Credit,0
1730,3076.48,4994,57,41,Hyderabad,Luxury,0,Credit,0
1731,1531.96,4234,33,80,Mumbai,Groceries,0,Credit,0
1732,3119.86,69300,55,59,Pune,Travel,0,Credit,0
1733,2635.68,43949,30,69,Pune,Travel,1,Debit,0
1734,2130.99,37405,40,119,Mumbai,Groceries,1,Debit,1
1735,654.42,34872,71,92,Delhi,Clothing,1,Credit,0
1736,4433.13,42215,39,53,Mumbai,Electronics,1,Credit,0
1737,2249.47,23185,33,103,Delhi,Travel,0,Credit,0
1738,973.92,43442,45,45,Mumbai,Groceries,0,Debit,0
1739,1839.43,51759,65,20,Delhi,Luxury,0,Debit,0
1740,2071.23,41153,52,24,Delhi,Groceries,1,Credit,0
1741,4137.86,77535,62,61,Mumbai,Clothing,0,Credit,0
1742,3668.34,2581,63,91,Delhi,Electronics,0,Credit,0
1743,3846.76,51717,25,94,Bangalore,Clothing,0,Credit,0
1744,56.15,2763,61,58,Hyderabad,Luxury,0,Debit,0
1745,2081.35,55480,72,109,Pune,Luxury,0,Debit,1
1746,2407.24,38759,72,27,Delhi,Luxury,1,Debit,0
1747,96.94,76067,39,26,Delhi,Luxury,0,Debit,0
1748,1299.81,25307,38,7,Pune,Groceries,0,Debit,0
1749,3801.69,11064,43,42,Delhi,Luxury,0,Debit,0
1750,686.41,76848,57,47,Pune,Luxury,0,Credit,0
1751,2677.02,37548,38,53,Mumbai,Groceries,0,Credit,0
1752,1076.79,36945,42,59,Bangalore,Luxury,0,Debit,1
1753,61.59,47937,58,38,Bangalore,Clothing,1,Debit,0
1754,1206.77,6476,18,69,Hyderabad,Clothing,0,Debit,0
1755,4879.39,51756,23,87,Delhi,Travel,0,Credit,0
1756,4007.88,2382,40,92,Hyderabad,Clothing,0,Credit,0
1757,4797.92,49683,68,98,Mumbai,Electronics,0,Credit,0
1758,2439.78,45276,40,53,Bangalore,Electronics,0,Credit,0
1759,549.57,33402,60,15,Mumbai,Electronics,0,Debit,0
1760,2740.25,26946,60,96,Mumbai,Groceries,0,Credit,0
1761,2272.43,79698,40,26,Delhi,Clothing,0,Debit,0
1762,4221.94,73933,49,48,Mumbai,Electronics,1,Credit,0
1763,491.31,22335,47,95,Bangalore,Travel,0,Credit,0
1764,2441.72,45095,30,19,Hyderabad,Groceries,0,Credit,0
1765,751.09,79930,60,9,Bangalore,Travel,0,Credit,0
1766,1624.05,27197,35,64,Delhi,Clothing,1,Debit,0
1767,3687.05,22010,40,93,Bangalore,Luxury,0,Debit,0
1768,2380.61,24123,32,54,Pune,Travel,1,Debit,0
1769,1880.07,2890,50,51,Hyderabad,Luxury,0,Debit,0
1770,1972.99,8026,38,39,Pune,Groceries,0,Debit,0
1771,2297.77,64925,74,4,Pune,Travel,0,Debit,0
1772,3925.3,68842,56,3,Delhi,Travel,0,Debit,0
1773,4460.53,33665,40,64,Mumbai,Groceries,0,Credit,0
1774,4776.72,9277,44,29,Pune,Groceries,0,Debit,0
1775,3934.73,42239,62,116,Bangalore,Electronics,1,Credit,0
1776,1577.72,47664,61,11,Mumbai,Clothing,1,Debit,0
1777,3440.99,48008,35,97,Bangalore,Travel,0,Credit,0
1778,2188.58,14683,41,102,Bangalore,Travel,0,Debit,0
1779,1274.1,670,68,58,Mumbai,Groceries,0,Credit,0
1780,4204.52,17889,64,75,Mumbai,Groceries,0,Debit,0
1781,193.09,55612,57,27,Bangalore,Clothing,0,Debit,0
1782,4508.91,44535,68,97,Delhi,Groceries,1,Debit,1
1783,2307.93,78542,59,21,Hyderabad,Luxury,1,Debit,0
1784,3186.37,54319,24,39,Hyderabad,Luxury,0,Credit,0
1785,3297.11,21639,67,95,Delhi,Luxury,0,Debit,0
1786,4475.69,64712,65,102,Mumbai,Luxury,0,Debit,0
1787,3183.71,16633,37,46,Bangalore,Clothing,0,Credit,1
1788,3070.05,34660,44,66,Hyderabad,Travel,0,Debit,1
1789,334.19,68975,23,91,Bangalore,Luxury,0,Credit,0
1790,2592.52,32172,44,36,Delhi,Groceries,0,Credit,0
1791,751.69,59197,26,75,Bangalore,Luxury,0,Debit,0
1792,3687.43,58847,70,111,Delhi,Clothing,0,Debit,0
1793,2561.6,11577,62,82,Mumbai,Groceries,0,Credit,0
1794,3401.46,77299,74,65,Delhi,Luxury,1,Debit,0
1795,209.32,20176,48,63,Delhi,Travel,0,Credit,0
1796,424.88,44386,38,99,Hyderabad,Groceries,0,Debit,0
1797,3581.9,63972,43,35,Bangalore,Groceries,0,Debit,0
1798,361.35,41003,57,31,Hyderabad,Travel,0,Credit,0
1799,357.21,19996,65,28,Pune,Groceries,0,Debit,0
1800,61.53,35931,62,103,Delhi,Luxury,1,Debit,0
1801,4782.55,35710,30,1,Pune,Groceries,0,Debit,0
1802,3687.8,34693,66,25,Hyderabad,Luxury,1,Credit,1
1803,1766.9,35740,40,43,Bangalore,Travel,0,Debit,0
1804,1483.38,77241,37,102,Hyderabad,Electronics,0,Credit,0
1805,1749.17,76502,54,84,Bangalore,Travel,1,Debit,1
1806,3873.49,17374,71,67,Bangalore,Luxury,0,Credit,1
1807,3307.19,76674,70,63,Mumbai,Clothing,1,Debit,1
1808,926.79,81471,45,51,Delhi,Travel,0,Debit,0
1809,871.37,45913,34,2,Hyderabad,Clothing,1,Credit,0
1810,492.88,66025,45,82,Bangalore,Clothing,0,Debit,0
1811,3301.85,44516,58,108,Hyderabad,Luxury,0,Credit,0
1812,3822.1,26069,19,64,Hyderabad,Luxury,0,Debit,0
1813,1325.97,56233,42,74,Bangalore,Electronics,0,Credit,0
1814,105.7,84811,67,69,Pune,Groceries,1,Debit,1
1815,411.78,59049,58,9,Delhi,Travel,0,Credit,0
1816,4839.33,39178,23,2,Delhi,Luxury,0,Debit,0
1817,1477.93,32821,28,34,Mumbai,Travel,0,Credit,0
1818,3846.35,51727,74,60,Mumbai,Clothing,0,Credit,0
1819,3123.69,60935,55,102,Mumbai,Groceries,0,Debit,0
1820,1910.32,16999,23,61,Delhi,Electronics,0,Credit,0
1821,1029.23,62522,62,31,Pune,Travel,1,Credit,0
1822,607.81,38712,28,10,Delhi,Groceries,0,Debit,0
1823,3075.45,64551,31,114,Delhi,Electronics,0,Debit,0
1824,3873.39,40172,19,76,Delhi,Travel,0,Debit,1
1825,3219.88,33722,57,36,Delhi,Groceries,0,Debit,0
1826,2651.98,10625,20,118,Pune,Luxury,0,Debit,0
1827,210.71,67165,72,85,Mumbai,Travel,0,Debit,0
1828,4842.48,76509,70,49,Hyderabad,Groceries,0,Credit,1
1829,3993.77,6859,52,111,Mumbai,Electronics,1,Credit,0
1830,1464.82,41609,50,70,Mumbai,Groceries,0,Credit,0
1831,4899.87,43307,41,112,Hyderabad,Luxury,0,Debit,0
1832,3009.81,21839,36,49,Delhi,Travel,0,Debit,0
1833,2912.53,27216,35,3,Pune,Travel,0,Credit,0
1834,3740.62,52953,66,74,Pune,Travel,0,Credit,0
1835,4059.04,84481,69,5,Mumbai,Luxury,1,Debit,1
1836,3282.74,60593,41,110,Hyderabad,Electronics,0,Credit,1
1837,641.35,72075,62,90,Bangalore,Travel,0,Debit,0
1838,1692.0,49522,52,61,Delhi,Electronics,0,Debit,0
1839,4640.49,4886,18,85,Mumbai,Groceries,0,Credit,1
1840,1123.85,7485,53,109,Pune,Electronics,1,Debit,1
1841,1861.46,31455,42,90,Hyderabad,Electronics,0,Debit,0
1842,2160.95,16767,62,102,Hyderabad,Travel,0,Debit,0
1843,2197.59,28453,66,108,Mumbai,Clothing,0,Debit,0
1844,3065.08,76280,60,26,Bangalore,Clothing,0,Credit,0
1845,4715.44,53442,51,72,Pune,Luxury,0,Debit,0
1846,1204.22,51877,42,5,Mumbai,Luxury,0,Debit,1
1847,608.39,12226,33,15,Bangalore,Clothing,0,Credit,0
1848,988.15,22588,51,16,Hyderabad,Groceries,0,Debit,0
1849,4434.74,78976,46,1,Delhi,Travel,0,Debit,0
1850,3229.41,31709,36,16,Pune,Travel,0,Credit,0
1851,1430.25,47788,40,37,Pune,Groceries,1,Credit,1
1852,4079.92,37019,36,3,Bangalore,Groceries,0,Debit,0
1853,4306.99,44948,42,52,Mumbai,Clothing,1,Debit,1
1854,4232.73,65133,33,47,Hyderabad,Luxury,0,Credit,0
1855,4594.71,66458,71,95,Bangalore,Groceries,1,Debit,1
1856,1261.95,27526,68,13,Delhi,Luxury,0,Debit,0
1857,3775.45,73493,26,80,Delhi,Electronics,0,Debit,0
1858,2303.24,52198,18,55,Delhi,Travel,0,Credit,0
1859,4210.15,43395,59,107,Bangalore,Clothing,0,Debit,1
1860,3642.72,24031,36,21,Hyderabad,Travel,0,Credit,0
1861,3882.46,75542,50,66,Pune,Clothing,0,Credit,0
1862,3281.15,37701,51,54,Mumbai,Electronics,1,Credit,0
1863,887.97,25939,33,27,Pune,Travel,0,Credit,0
1864,2725.59,49145,61,38,Hyderabad,Electronics,0,Debit,0
1865,4923.36,20324,57,90,Pune,Clothing,0,Credit,0
1866,4687.0,22867,72,58,Bangalore,Groceries,0,Debit,0
1867,216.83,203,35,62,Delhi,Travel,0,Credit,0
1868,824.91,16544,51,102,Hyderabad,Electronics,0,Credit,0
1869,659.51,15899,42,46,Hyderabad,Travel,0,Debit,0
1870,3630.17,29063,62,89,Pune,Travel,0,Credit,0
1871,4089.11,3748,23,11,Bangalore,Travel,1,Credit,1
1872,1068.34,66629,38,72,Pune,Luxury,0,Debit,0
1873,2529.76,80764,23,8,Pune,Electronics,1,Credit,0
1874,4203.67,20884,49,97,Hyderabad,Electronics,0,Credit,0
1875,3664.27,25183,58,117,Pune,Travel,0,Credit,0
1876,2711.64,81570,65,71,Delhi,Groceries,0,Debit,0
1877,2952.15,71246,60,64,Pune,Travel,0,Credit,0
1878,2542.29,19259,56,102,Delhi,Luxury,0,Debit,0
1879,1488.44,35959,48,21,Hyderabad,Clothing,0,Debit,0
1880,2825.54,33457,59,72,Bangalore,Luxury,0,Debit,0
1881,3444.74,85679,27,115,Delhi,Groceries,0,Credit,0
1882,4366.74,2103,47,118,Bangalore,Travel,1,Credit,0
1883,3181.82,65901,74,63,Bangalore,Electronics,0,Credit,1
1884,3805.85,44535,69,85,Delhi,Travel,0,Credit,1
1885,801.2,16103,35,64,Hyderabad,Groceries,0,Debit,0
1886,2308.33,78278,41,20,Mumbai,Electronics,0,Debit,0
1887,47.65,12391,69,8,Bangalore,Luxury,0,Credit,0
1888,1234.15,28901,26,58,Bangalore,Clothing,0,Credit,0
1889,3632.58,81159,48,46,Hyderabad,Clothing,0,Debit,0
1890,4959.06,67914,32,31,Hyderabad,Travel,1,Credit,0
1891,496.79,50357,21,114,Pune,Luxury,0,Credit,1
1892,2008.07,38437,57,93,Hyderabad,Groceries,0,Credit,0
1893,4000.55,35503,26,112,Bangalore,Clothing,0,Credit,0
1894,1020.97,75403,62,9,Delhi,Luxury,0,Credit,0
1895,2775.87,41258,26,15,Mumbai,Travel,0,Credit,0
1896,3665.62,33724,43,94,Pune,Electronics,0,Debit,1
1897,3080.31,64286,21,26,Delhi,Travel,0,Debit,0
1898,940.94,74842,34,10,Mumbai,Travel,0,Debit,0
1899,1777.57,14908,33,29,Mumbai,Luxury,0,Debit,0
1900,3919.18,50626,32,118,Mumbai,Clothing,0,Credit,0
1901,2771.58,37228,52,80,Delhi,Luxury,0,Credit,0
1902,27.14,23386,74,36,Pune,Electronics,0,Debit,0
1903,3805.19,46754,69,84,Pune,Luxury,0,Debit,0
1904,177.52,28302,22,109,Mumbai,Groceries,0,Debit,0
1905,3728.92,60815,72,118,Delhi,Travel,1,Debit,1
1906,1013.2,84748,22,37,Mumbai,Clothing,1,Debit,0
1907,4790.41,63344,37,86,Hyderabad,Electronics,0,Credit,0
1908,1840.34,35618,32,71,Pune,Travel,0,Credit,0
1909,1635.33,76234,35,23,Bangalore,Luxury,0,Debit,0
1910,745.29,61114,64,41,Mumbai,Groceries,0,Debit,0
1911,1528.72,70130,19,104,Hyderabad,Luxury,0,Credit,0
1912,4383.38,25525,46,93,Pune,Travel,0,Credit,0
1913,4981.68,79818,30,80,Delhi,Electronics,0,Credit,0
1914,1842.18,14334,21,102,Pune,Clothing,0,Debit,0
1915,2243.6,62767,59,28,Delhi,Travel,0,Credit,0
1916,3610.63,6644,62,48,Delhi,Electronics,0,Debit,1
1917,4431.09,32933,27,38,Mumbai,Travel,0,Debit,0
1918,2965.63,43469,48,31,Mumbai,Groceries,0,Credit,0
1919,1958.24,33687,58,14,Pune,Luxury,0,Credit,0
1920,2063.7,52656,25,117,Hyderabad,Clothing,0,Credit,0
1921,3478.4,17375,20,97,Pune,Electronics,0,Debit,0
1922,17.09,65206,65,73,Bangalore,Clothing,0,Credit,0
1923,3098.33,36607,63,91,Delhi,Clothing,0,Credit,0
1924,1778.11,83178,26,88,Delhi,Clothing,0,Debit,0
1925,3971.19,23993,47,77,Mumbai,Electronics,0,Credit,0
1926,465.86,44386,70,90,Hyderabad,Electronics,0,Credit,0
1927,2941.42,46287,28,29,Mumbai,Clothing,0,Debit,0
1928,2405.38,76312,52,51,Bangalore,Luxury,0,Debit,0
1929,3211.99,75324,54,49,Pune,Travel,0,Debit,0
1930,325.2,71196,59,43,Pune,Clothing,0,Debit,0
1931,2900.34,70014,30,92,Hyderabad,Groceries,0,Debit,0
1932,2807.86,8210,53,92,Mumbai,Clothing,0,Credit,0
1933,2803.74,10922,73,72,Mumbai,Electronics,0,Credit,0
1934,3017.83,36289,30,87,Bangalore,Travel,0,Debit,1
1935,3382.66,33340,29,93,Pune,Groceries,0,Credit,0
1936,4025.14,39850,54,5,Mumbai,Travel,0,Credit,0
1937,1349.83,56984,27,42,Hyderabad,Travel,0,Debit,0
1938,4125.42,84178,73,7,Pune,Groceries,0,Debit,0
1939,2491.78,11094,26,42,Bangalore,Clothing,1,Debit,1
1940,386.21,33418,69,36,Hyderabad,Clothing,0,Credit,0
1941,293.7,5741,24,105,Delhi,Clothing,1,Debit,0
1942,1671.86,72374,19,27,Bangalore,Luxury,0,Credit,0
1943,3924.7,68798,71,58,Hyderabad,Clothing,0,Credit,0
1944,3538.7,70532,73,46,Mumbai,Groceries,0,Credit,0
1945,3943.29,22164,40,66,Delhi,Luxury,0,Credit,1
1946,2586.83,35595,56,25,Bangalore,Clothing,0,Debit,0
1947,2201.55,30257,57,73,Mumbai,Luxury,0,Credit,0
1948,738.12,14211,56,117,Delhi,Groceries,0,Debit,0
1949,1641.64,5232,38,27,Pune,Clothing,0,Credit,0
1950,2170.66,67753,40,1,Mumbai,Electronics,0,Debit,0
1951,443.91,52691,46,87,Hyderabad,Groceries,0,Debit,0
1952,1103.84,79768,31,74,Bangalore,Travel,0,Debit,0
1953,2991.53,25613,43,42,Delhi,Travel,0,Credit,0
1954,3678.58,14026,68,52,Mumbai,Groceries,0,Credit,1
1955,4991.74,53535,22,25,Pune,Travel,0,Credit,1
1956,4665.63,30908,72,54,Bangalore,Groceries,0,Debit,0
1957,3213.18,52113,48,67,Bangalore,Electronics,0,Credit,1
1958,2106.82,19610,42,6,Mumbai,Groceries,0,Credit,0
1959,3181.25,46646,48,58,Pune,Clothing,0,Credit,1
1960,3928.47,63185,67,70,Delhi,Clothing,0,Debit,0
1961,592.56,72567,37,53,Mumbai,Luxury,0,Credit,1
1962,2050.11,47574,61,66,Delhi,Travel,1,Credit,0
1963,4199.17,36182,72,58,Bangalore,Travel,1,Debit,1
1964,1919.78,570,34,82,Delhi,Groceries,0,Debit,0
1965,2859.79,19288,62,87,Pune,Travel,0,Debit,0
1966,2939.26,78824,19,2,Hyderabad,Clothing,0,Debit,0
1967,923.2,29877,42,76,Pune,Electronics,0,Debit,0
1968,1811.81,84425,30,22,Delhi,Groceries,0,Debit,0
1969,1673.22,917,56,37,Mumbai,Travel,0,Credit,0
1970,131.96,75602,45,20,Bangalore,Clothing,0,Credit,0
1971,121.93,64575,59,103,Hyderabad,Luxury,0,Debit,0
1972,4158.65,72518,72,24,Mumbai,Travel,0,Credit,0
1973,1366.08,39104,23,112,Mumbai,Electronics,0,Debit,0
1974,2590.88,18062,20,84,Pune,Electronics,0,Credit,0
1975,1494.33,16999,52,65,Delhi,Travel,1,Debit,0
1976,4703.46,61845,35,65,Pune,Travel,0,Debit,0
1977,1297.22,9941,28,81,Delhi,Clothing,0,Credit,0
1978,2148.85,61169,71,1,Pune,Travel,0,Credit,0
1979,4363.78,23470,37,117,Mumbai,Luxury,0,Credit,0
1980,4209.83,59821,22,116,Bangalore,Clothing,0,Credit,0
1981,931.32,44435,36,109,Delhi,Groceries,1,Credit,1
1982,4013.41,4529,39,94,Hyderabad,Luxury,0,Credit,0
1983,2291.48,83055,36,105,Hyderabad,Clothing,0,Credit,0
1984,2415.36,12192,64,111,Mumbai,Clothing,0,Credit,0
1985,668.27,74102,33,3,Pune,Electronics,0,Debit,0
1986,403.93,72762,41,46,Pune,Clothing,1,Credit,0
1987,3639.97,34087,58,55,Mumbai,Luxury,1,Credit,1
1988,2482.81,66677,21,75,Hyderabad,Travel,0,Debit,0
1989,2184.82,4627,32,88,Hyderabad,Luxury,0,Debit,0
1990,3647.81,56541,42,86,Pune,Groceries,0,Debit,0
1991,3827.8,68226,61,64,Delhi,Clothing,0,Debit,0
1992,795.38,3255,72,108,Bangalore,Clothing,0,Credit,0
1993,3051.52,57433,52,45,Delhi,Clothing,0,Credit,0
1994,677.64,5213,72,26,Hyderabad,Clothing,1,Debit,0
1995,3757.12,19404,31,77,Delhi,Electronics,0,Debit,1
1996,3285.12,25380,66,65,Bangalore,Electronics,1,Credit,1
1997,4783.12,19173,36,24,Delhi,Travel,0,Credit,0
1998,345.72,53027,55,74,Delhi,Clothing,0,Credit,0
1999,286.22,23989,53,35,Delhi,Groceries,1,Credit,0
2000,1411.65,24519,24,24,Delhi,Travel,0,Debit,0
